	ID	degree	eccentricity	betweenness	com_betweenness	eigenvector	katz	closeness	current_flow_closeness	load	clustering_coef	subgraph	harmonic
0	0	59	3.0	0.0024502032457076883	0.07747626582133715	0.028478259628236524	0.01318751921503692	0.521865889212828	0.06184859944386862	0.0024233849679443195	0.5067212156633548	1.905150487426744e+38	203.66666666666694
1	1	53	3.0	0.004030784516391402	0.07812489257751185	0.02844047017107458	0.07823548527233526	0.5264705882352941	0.05928222469666484	0.004071719215183342	0.3969521044992743	1.8999448096595818e+38	202.66666666666683
2	2	86	3.0	0.003102935566715611	0.25392008611272315	0.05566492681790631	0.07253430889082839	0.5457317073170732	0.07031984967406421	0.003045487673144347	0.5242134062927497	7.278809964604626e+38	217.6666666666669
3	3	89	3.0	0.005853136174946367	0.21131132707396874	0.04948513030291965	0.12423890090608453	0.5567651632970451	0.0710197662637408	0.0057498296027671016	0.46705822267620023	5.752388371140567e+38	220.83333333333348
4	4	90	3.0	0.002959996591609351	0.2869230265543198	0.0599525341184831	0.019377586529769397	0.5507692307692308	0.07124768745571582	0.0029280219742490047	0.5410736579275905	8.443270628665451e+38	220.00000000000023
5	5	89	3.0	0.002504387773718244	0.29410332458202587	0.060914397859601885	0.043281663323880615	0.5474006116207951	0.07101798573051729	0.0024539704410671114	0.5656281920326864	8.716378178193034e+38	219.00000000000026
6	6	35	3.0	0.0006413178941311984	0.04545222202586327	0.022047070957082054	-0.06370093719411393	0.48575305291723203	0.0490915802888164	0.0006734881464246113	0.6369747899159663	1.1418240102633828e+38	187.1666666666672
7	7	40	3.0	0.0018893073115655952	0.008476899908101085	0.007916895441200441	-0.021811523257429532	0.5049365303244006	0.05202226555897317	0.0019452375834274997	0.42435897435897435	1.4721775759223604e+37	193.5000000000003
8	8	62	3.0	0.003343808678976438	0.07714098193952591	0.02811452495145528	-0.015650404541270983	0.5327380952380952	0.06302367929515962	0.0033426401584669666	0.4420941300898995	1.8565709622589234e+38	207.00000000000017
9	9	104	3.0	0.0026781614430640525	0.44916668412778554	0.07997555278199185	-0.06645039827556178	0.5646687697160884	0.07415697816113534	0.002642081661753435	0.549663928304705	1.5024418513410307e+39	227.33333333333354
10	10	30	3.0	0.0015335378817966335	0.016440803609716035	0.012423171667225952	-0.00718074825606877	0.4897400820793434	0.04511802382690577	0.0016108568976777892	0.40229885057471265	3.6250802221390182e+37	186.50000000000043
11	11	65	3.0	0.0029062360837202816	0.20634235843630544	0.04960735754510753	-0.054152573036864875	0.5128939828080229	0.06412449397300962	0.0028043468467762915	0.6153846153846154	5.780719619683167e+38	203.6666666666671
12	12	47	3.0	0.002390838309958589	0.02339237598517077	0.01458674604638695	-0.016397638804227597	0.5092460881934566	0.056266295331233	0.0024291624327360925	0.4162812210915819	4.9981842181526505e+37	196.83333333333366
13	13	39	3.0	0.0026638012219368785	0.009971669696603038	0.007726011166091494	0.057226038124433005	0.4904109589041096	0.05092462462741454	0.0028145865451439794	0.37516869095816463	1.4020954357993128e+37	189.66666666666717
14	14	26	3.0	0.00197018712116406	0.002536492963129249	0.0034767096355352205	0.020177085665586656	0.46736292428198434	0.04101193935624747	0.0021762176381140523	0.3384615384615385	2.8393658840320125e+36	179.33333333333405
15	15	53	3.0	0.005061656253160116	0.03738036435922877	0.018398647381173246	-0.0749128532294536	0.528023598820059	0.05917610855683701	0.005077753912882422	0.3432510885341074	7.951053606807631e+37	203.00000000000014
16	16	42	3.0	0.0036359114512064515	0.007222708719445488	0.006771322382902771	-0.07856471201091657	0.5092460881934566	0.05326794631358547	0.003721120681022795	0.3077816492450639	1.0769279543750626e+37	195.16666666666694
17	17	136	3.0	0.0035580634414357263	0.6448500549498923	0.10520619794355153	0.01662183328330185	0.6006711409395973	0.07892435803992459	0.0034108571524409303	0.5462962962962963	2.599977732593368e+39	244.33333333333348
18	18	30	3.0	0.0011148905994451785	0.004347254794220185	0.005382985324362622	-0.0295966076802136	0.4844384303112314	0.04483609307582272	0.0011860566118298656	0.42528735632183906	6.805901997947705e+36	185.16666666666717
19	19	47	3.0	0.001143290427452581	0.10104936428382148	0.03366695582424248	0.016460071207757124	0.5	0.05647451126604317	0.0011827916296804836	0.5929694727104533	2.662548993113587e+38	194.6666666666671
20	20	115	3.0	0.002952610212803425	0.5113769502730671	0.08762466892860442	-0.018746454095970286	0.580226904376013	0.07601432343102527	0.0028976362707288056	0.5520976353928299	1.8035999233978813e+39	233.83333333333348
21	21	121	3.0	0.002764777908022045	0.5596493557940901	0.09373106196262487	0.01905338264846689	0.593698175787728	0.07694137730251442	0.002665828746721635	0.556198347107438	2.0637335692464888e+39	238.16666666666674
22	22	80	3.0	0.003065989391539758	0.20513881971787107	0.049101237825612244	-0.03287618547877625	0.5399698340874811	0.06875338573130824	0.0030357750441096227	0.5294303797468355	5.66348304594502e+38	214.50000000000026
23	23	73	3.0	0.002309342178396575	0.22964857451606066	0.05275449070608324	0.0028862550800665596	0.5465648854961832	0.0668549205122419	0.002339749058090204	0.5445205479452054	6.537371405362641e+38	213.5000000000001
24	24	71	3.0	0.002407460914168055	0.23455297413381643	0.05342563118833881	0.012323179968885217	0.5319465081723626	0.06617395313364934	0.0023467535304901458	0.5678068410462777	6.704746295123776e+38	209.8333333333336
25	25	5	4.0	7.342567157926019e-05	0.0002561385609945049	0.0014868418438135538	-0.048086349325295076	0.3904034896401309	0.011840373523555601	0.0001125075717600277	0.4	5.1930039042688876e+35	147.49999999999986
26	26	30	3.0	0.001434229536079591	0.0028893657335887844	0.003603503132025876	0.024744737241601616	0.4601542416452442	0.044390372215408404	0.0015589296202860408	0.432183908045977	3.0500154376495216e+36	178.66666666666754
27	27	8	4.0	0.00040244431122320016	0.0007377068722573528	0.002349321229762688	-0.03355348403849607	0.41102181400688864	0.017523849620130365	0.00058739362408843	0.21428571428571427	1.296497589533651e+36	156.00000000000043
28	28	30	4.0	0.002690629509020603	0.0021036444771782834	0.002872378825199092	-0.006116759687231002	0.463130659767141	0.04443572194301473	0.0029963855716643073	0.32873563218390806	1.937908387946577e+36	179.58333333333414
29	29	49	3.0	0.002840297936181296	0.0430478623954055	0.020004657159698166	0.032550383923208574	0.5106990014265336	0.057170784301610746	0.0027547987413643333	0.40816326530612246	9.400111519988698e+37	197.83333333333366
30	30	25	3.0	0.0014168239207519324	0.0022888462127806934	0.003339050297144556	0.14054389612776136	0.4741721854304636	0.040057324716161566	0.0016158760593420975	0.37333333333333335	2.6188863244754042e+36	180.83333333333394
31	31	30	3.0	0.002999485567924746	0.004531248921359342	0.005331025367573773	0.013361463618835334	0.49653259361997226	0.04483166475171423	0.003235399848230236	0.2850574712643678	6.675612698585722e+36	188.166666666667
32	32	28	3.0	0.0009324804713609553	0.004982137536374215	0.0058621306351484635	0.09950654233328111	0.463130659767141	0.042974689239245696	0.0010227244360549261	0.46825396825396826	8.071534908129113e+36	178.83333333333414
33	33	26	3.0	0.0005926308973332834	0.0020200039164912846	0.0031281054785648158	0.04020344983176555	0.4403444034440344	0.0409343880970508	0.0006715607313316593	0.5507692307692308	2.2982724946431317e+36	171.50000000000117
34	34	24	3.0	0.00040333827138128484	0.002110606943760184	0.0032490428058401183	0.07780761359629938	0.4403444034440344	0.038984866666984364	0.0004947397605158884	0.5760869565217391	2.4794619227936664e+36	170.83333333333448
35	35	95	3.0	0.0033127059624313794	0.35801010126919325	0.06873000961034549	-0.006251158255078493	0.5611285266457681	0.0723953620111312	0.0032468115220106093	0.5390817469204927	1.109635836772182e+39	223.66666666666683
36	36	67	3.0	0.0031816484437277004	0.15198351713897626	0.041380958801767016	-0.032628894093394104	0.5391566265060241	0.06491726705535093	0.0031795719860695498	0.459520578923564	4.022308117225502e+38	210.00000000000014
37	37	70	3.0	0.006954519068792274	0.0950747307170419	0.031206511837194674	0.04472165116531635	0.5474006116207951	0.06583840512769114	0.006934718584842294	0.3648033126293996	2.2876381940445677e+38	212.66666666666674
38	38	22	3.0	0.0003297045202922067	0.0032809072509854408	0.005138902043025559	-0.027425732875126202	0.463130659767141	0.03744117673698108	0.00037157479496167115	0.5497835497835498	6.202811956607585e+36	176.83333333333408
39	39	107	3.0	0.003116414208043979	0.43456755432050115	0.07808328174791904	0.005880964894059034	0.5755627009646302	0.07470817262451497	0.0030016842813124734	0.5277728795626874	1.4321975264506107e+39	230.33333333333346
40	40	66	3.0	0.001774928878187254	0.1448363509121838	0.04034389301197401	0.029850267804408637	0.5343283582089552	0.06457303481585902	0.001762878843773076	0.5184149184149184	3.823101103995564e+38	208.66666666666686
41	41	98	3.0	0.005127431104151969	0.3142020070180298	0.06320559658006907	0.03617949416715698	0.5585023400936038	0.07296343807564434	0.005125723976684468	0.49463496738901747	9.384395680063335e+38	224.16666666666688
42	42	96	3.0	0.002812905470766386	0.33283596312657227	0.06541471037395441	0.025429074136925398	0.5611285266457681	0.07263398031652098	0.0027168814148654636	0.5199561403508772	1.005115665350669e+39	224.00000000000017
43	43	105	3.0	0.0037857141508426473	0.4221453342550291	0.07657998373021607	0.06161222695803839	0.5709728867623605	0.07431720744043768	0.003770330153817192	0.5360805860805861	1.3775912176647785e+39	228.83333333333348
44	44	31	3.0	0.0016498016969957372	0.00323779833949203	0.0044334082793626075	0.025376515449379702	0.48247978436657685	0.04565097879209243	0.001740574814719679	0.40860215053763443	4.616478887190203e+36	185.00000000000054
45	45	22	3.0	0.0009339233375698485	0.0029237336504381937	0.004580809372073559	-0.08359665233656532	0.48575305291723203	0.03743150926384058	0.0010561285574738435	0.354978354978355	4.9286263614687483e+36	182.83333333333374
46	46	97	3.0	0.0026908086949703975	0.35196274166834246	0.06811960938254875	-0.0024696032382957598	0.5567651632970451	0.07275108339220931	0.0026461374362908288	0.5425257731958762	1.0900265201947029e+39	223.50000000000023
47	47	19	4.0	0.0005452771179944879	0.0008885459235191514	0.0021540720856628283	-0.14597040292991342	0.43341404358353514	0.03386816423746099	0.0006061964353256978	0.39766081871345027	1.0898797992231267e+36	167.0833333333344
48	48	30	3.0	0.001199658429115081	0.017673548079378095	0.0131164181077815	-0.1675404475874747	0.4897400820793434	0.0451380332102165	0.0012579637738252966	0.3816091954022989	4.0413291095883653e+37	186.50000000000043
49	49	40	3.0	0.003115553707578666	0.04745468997699277	0.021833543131264274	-0.06816001023539549	0.5151079136690647	0.052381814346089337	0.0032259928832718047	0.37564102564102564	1.1197453977054752e+38	195.8333333333335
50	50	25	3.0	0.0003930046882034837	0.003340999201826119	0.005059729449605162	-0.044267715717566276	0.4508816120906801	0.04030658767968904	0.00046007121608110884	0.57	6.012816620016549e+36	174.3333333333343
51	51	58	3.0	0.0024807616707767724	0.038918547378635156	0.01891981026787996	0.004781828941658403	0.5121602288984263	0.06123960109554628	0.0024645821000722876	0.45251058681185724	8.4074731727315055e+37	201.16666666666706
52	52	136	3.0	0.0033371665778205127	0.6363368310689372	0.1040135973399255	-0.04809161116308356	0.6057529610829103	0.07893066778328187	0.0032298743645429433	0.5351851851851852	2.5413655691569658e+39	245.16666666666677
53	53	58	3.0	0.0007131191089951579	0.1464730664799455	0.041225954300140775	-0.027868234464942476	0.5085227272727273	0.06154168500500817	0.0007285891991838863	0.5801572897761645	3.992406536017568e+38	200.33333333333377
54	54	64	3.0	0.0005044553504152692	0.2313550414558826	0.053367689659245314	-0.02338449191273344	0.5056497175141242	0.06384596102761096	0.0005083100243769233	0.6949404761904762	6.690186429166046e+38	201.6666666666672
55	55	55	3.0	0.0021022713809368534	0.113395878437352	0.03555288793049555	-0.03046227301358517	0.5136298421807748	0.06024940001929268	0.002121037577984952	0.5023569023569023	2.9690873212161554e+38	200.50000000000034
56	56	67	3.0	0.0035443783310864867	0.10928734102911335	0.03413738923326096	0.12174454822711134	0.5343283582089552	0.06487587414933389	0.0034613569347881016	0.4427860696517413	2.7372625819220515e+38	209.0000000000002
57	57	22	3.0	0.00031179715191568657	0.005724953352078641	0.007284195319784352	0.04756911446240796	0.4661458333333333	0.03757892618259221	0.00035054928629943546	0.5194805194805194	1.2462961444230873e+37	177.66666666666737
58	58	43	3.0	0.002560640129933429	0.034834718132625404	0.018479234182885516	0.08174582574219211	0.5128939828080229	0.05413091950116501	0.002614759686747904	0.4130675526024363	8.020943944520612e+37	196.33333333333357
59	59	26	3.0	0.0006745770833238061	0.013651745010860434	0.011614241741875144	0.016013505568701902	0.48840381991814463	0.04174120936238976	0.0007095271588246204	0.4676923076923077	3.1683599567474565e+37	184.83333333333374
60	60	21	3.0	0.0006869422517172044	0.003500405600568448	0.005302132648631451	-0.07320977487038004	0.4754316069057105	0.03636067808723544	0.0007588323098530263	0.41904761904761906	6.603214588922838e+36	179.83333333333388
61	61	56	3.0	0.003227578365475495	0.06585831502544431	0.025926885437260773	0.014711836107849426	0.5241581259150805	0.060625885639248187	0.0033257384200758443	0.43896103896103894	1.5788945562551683e+38	203.16666666666688
62	62	117	3.0	0.003128796824553055	0.5263281120581221	0.08942602483098758	-0.012448230113100325	0.5811688311688312	0.07635481490490298	0.003048140664456822	0.5321249631594459	1.8784767056542863e+39	234.66666666666683
63	63	31	3.0	0.001325884750413177	0.005185178036178646	0.006219738604426276	-0.04093693631812893	0.4931129476584022	0.04571405635806447	0.0013918012021741479	0.44086021505376344	9.08615212142451e+36	187.66666666666706
64	64	73	3.0	0.003150197476578972	0.1198795640016462	0.03581617399140712	0.04645006276389219	0.5474006116207951	0.06678756807841003	0.003133045775770979	0.4596651445966514	3.013061861110991e+38	213.66666666666677
65	65	15	3.0	0.0007110288268237689	0.001137911126094195	0.002906358626231863	-0.02058444829456567	0.4514501891551072	0.02891638981108534	0.0008396134933567302	0.20952380952380953	1.98406652498473e+36	171.16666666666754
66	66	49	3.0	0.0041195486166121405	0.07189165732126597	0.027085750854543324	-0.0301561764433608	0.5106990014265336	0.05731612024901035	0.004083150744540206	0.41836734693877553	1.72329223834188e+38	197.83333333333366
67	67	119	3.0	0.008772185056050577	0.5011507583142673	0.08566574127477367	0.006375556999346907	0.5878489326765188	0.07671508867680588	0.008555467592628622	0.4801310354650335	1.7238117954860137e+39	236.5000000000001
68	68	50	3.0	0.0042541865439512	0.08807690160727077	0.030674368252557167	-0.017115755067186832	0.5151079136690647	0.05788590910413119	0.004472359080023344	0.4530612244897959	2.210258463079836e+38	199.16666666666694
69	69	50	3.0	0.0025534753010917955	0.09315800157814115	0.03192050589157112	-0.06161162845641462	0.515850144092219	0.057950445239888494	0.002533773407050328	0.47020408163265304	2.393391849809949e+38	199.3333333333336
70	70	49	3.0	0.002574308187302381	0.0256605369144588	0.015145070626907375	0.005210972173002105	0.5165945165945166	0.057240540343836854	0.0026152917201283216	0.44047619047619047	5.387334082533661e+37	199.1666666666669
71	71	25	3.0	0.0007607236746372136	0.005141872795522637	0.006721111656244448	0.030681183193021752	0.48053691275167787	0.04068847822657621	0.0008096005467152292	0.4633333333333333	1.0610586769923919e+37	182.5000000000005
72	72	40	3.0	0.0016024513521620562	0.026702807788489352	0.015782549920629562	0.03512964009622205	0.4951590594744122	0.05218628005148391	0.0016363869023912488	0.441025641025641	5.850898270126914e+37	191.1666666666671
73	73	104	3.0	0.0013639040134684794	0.5035070009455525	0.08681339593513072	0.013690692227698543	0.5585023400936038	0.07415647782022412	0.0013353899576750597	0.6237864077669902	1.770333290691838e+39	226.16666666666694
74	74	94	3.0	0.00183162096075395	0.3921370867450053	0.07317540973321479	-0.0012128791051215283	0.5585023400936038	0.0721719908655419	0.0018035863567294548	0.5760695493022192	1.2578012606086436e+39	222.8333333333335
75	75	14	3.0	0.0005176092134079742	0.0009342917059327642	0.002596067322104517	-0.05527362882823195	0.4328899637243047	0.027548679268906473	0.0006019173101008775	0.5164835164835165	1.5830187076060308e+36	165.16666666666765
76	76	71	3.0	0.0033575485403540663	0.10207827099080466	0.03250822998082102	0.05071259414255736	0.5351270553064275	0.06607386312643013	0.0032867152511091608	0.4788732394366197	2.482177420220925e+38	210.50000000000023
77	77	75	3.0	0.0016130958366658244	0.26079301784962017	0.05698744224543782	-0.08724554439579368	0.5359281437125748	0.0674391472950885	0.0016286334934880347	0.5646846846846847	7.628530039987102e+38	212.00000000000026
78	78	22	3.0	0.0012204559111007852	0.014093938206161538	0.011531837065987932	-0.07921327476000854	0.4649350649350649	0.03753378825766655	0.0012912803048870164	0.4458874458874459	3.1237545961451737e+37	177.33333333333405
79	79	71	3.0	0.002033967864254117	0.2122162030501625	0.05025977929260041	-0.032889012414480216	0.5383458646616541	0.06625196634502864	0.0020359816261426773	0.5336016096579477	5.933480449085171e+38	211.16666666666686
80	80	82	3.0	0.0016735486249120461	0.3132803196187989	0.06357123729809723	0.04535224484588443	0.5465648854961832	0.06935144809864514	0.001675179422393848	0.5913881361035832	9.493138184110217e+38	216.5000000000002
81	81	7	3.0	0.0002411200728115621	0.00024865765479537173	0.0011513626199474182	-0.04610754740112564	0.4008958566629339	0.015511844807968458	0.00037681024637896404	0.3333333333333333	3.1137705976862656e+35	151.83333333333348
82	82	49	3.0	0.0006336691315459823	0.09728070329686168	0.03305966612899784	0.030611186918373577	0.5063649222065064	0.05750581165488799	0.0006365363982271096	0.5331632653061225	2.567264263633093e+38	196.8333333333337
83	83	58	3.0	0.0032646847241055454	0.10450110197338139	0.03372423218567314	-0.03467275152511079	0.521865889212828	0.0614567266240809	0.003243620646562403	0.44101633393829404	2.6715569076364884e+38	203.3333333333336
84	84	42	3.0	0.0057202074217768285	0.012685557733547593	0.009804157510165888	-0.06191453173116777	0.5121602288984263	0.05320789027936728	0.006041504194996473	0.29152148664343785	2.2578323506078845e+37	195.83333333333357
85	85	61	3.0	0.004140757958689651	0.11585718318412448	0.03542389449052082	-0.02499889490846344	0.5351270553064275	0.06270141093641035	0.004131652958631472	0.4737704918032787	2.9475159831420992e+38	207.1666666666668
86	86	68	3.0	0.005879557153202263	0.08191411718824601	0.028592313934485167	0.12266773959133168	0.5375375375375375	0.06517400544463282	0.005778973189167925	0.4025460930640913	1.920190619032849e+38	210.00000000000017
87	87	79	3.0	0.0033585166626084978	0.19805496913110485	0.04795571513960701	-0.0043794475561803005	0.5457317073170732	0.0685605177960444	0.0032735354665364325	0.4660824407659851	5.401879463583364e+38	215.3333333333335
88	88	41	3.0	0.0010892832114257267	0.02104586414498607	0.013875566888378583	-0.028142723782165334	0.5	0.05281672067638262	0.0010988033097469245	0.5195121951219512	4.522035310236283e+37	192.66666666666706
89	89	68	3.0	0.0030453522788821755	0.1167772349652346	0.035542249467324635	-0.002748609952987761	0.5303703703703704	0.06517040812850004	0.0030362424053002	0.4640035118525022	2.9671915720102507e+38	208.50000000000026
90	90	30	3.0	0.0007376377384377078	0.024713819738740483	0.016025333868037547	0.028331913051672555	0.4704336399474376	0.04521269230151216	0.0007583861294104721	0.5655172413793104	6.032757000277736e+37	181.5000000000007
91	91	107	3.0	0.003727470398345904	0.45040441836912093	0.0800363236450493	-0.01077082605458546	0.5728	0.07468746907100247	0.003664362112709764	0.5394110386175278	1.5047467391410567e+39	229.83333333333348
92	92	4	4.0	8.408675321992874e-05	0.0001501037617767976	0.0009435465062314319	-0.048655281970633284	0.38536060279870826	0.009500699500264954	0.00014280346127532338	0.3333333333333333	2.091246267092181e+35	144.9999999999997
93	93	130	3.0	0.0030731547594261264	0.6204845094331202	0.10182458062645813	0.07569461016278846	0.5996649916247906	0.07817703736556111	0.0029428632619316972	0.5534883720930233	2.4355107243607263e+39	242.16666666666677
94	94	43	3.0	0.0033303255646755067	0.04480222486849475	0.020921562100741756	0.015801328830756918	0.5092460881934566	0.054152423408178066	0.00327866283275874	0.37209302325581395	1.028202814482333e+38	195.50000000000028
95	95	115	3.0	0.0029379138718833853	0.5303346284737812	0.09002230707484801	-0.056797608795534235	0.5764895330112721	0.07601987891280453	0.0028747195608846026	0.5620137299771167	1.9036391824954132e+39	233.16666666666686
96	96	108	3.0	0.005068719060665441	0.4579714018840634	0.08075087446544942	-0.07364288508447946	0.5783521809369951	0.0749067800515196	0.004977375249197568	0.5302872966424368	1.5317223817236466e+39	231.16666666666677
97	97	133	3.0	0.0045013989891725505	0.6219925577256767	0.10179461874619636	-0.042133730461098674	0.6006711409395973	0.07860498401964641	0.004289988494962564	0.5239234449760766	2.4340401860738528e+39	243.33333333333346
98	98	106	3.0	0.003247273671335138	0.4557832890816394	0.08058791264188192	0.007746491392500004	0.5792880258899676	0.07454980157964933	0.0031314447035957755	0.5511230907457323	1.5255145563513232e+39	230.66666666666674
99	99	122	3.0	0.002499305813774875	0.5898140014542697	0.09769026439355837	-0.0057624335330205235	0.5849673202614379	0.07709869563628809	0.002405377891149374	0.5713317978593686	2.2417387005729294e+39	237.00000000000017
100	100	125	3.0	0.002213279373487461	0.6130390328458315	0.10086541766445992	0.03459095722226211	0.5849673202614379	0.0775093022492071	0.0021280907382023877	0.5811612903225807	2.3898392895383705e+39	238.0000000000002
101	101	110	3.0	0.00274422052825541	0.4630012885098066	0.08162082513031657	0.07431338305005643	0.5709728867623605	0.07518696068355138	0.002643419187171683	0.5629691409507923	1.5649248531376993e+39	230.5000000000002
102	102	145	3.0	0.004025746591769523	0.6904293425983504	0.11179929308038697	-0.006850852963279859	0.6183074265975821	0.07998996549028883	0.003824965413432277	0.5227011494252873	2.936035374323718e+39	250.16666666666674
103	103	4	4.0	5.553754491567606e-06	4.690285968175511e-05	0.00047707423775807643	-0.015996836787031052	0.3638211382113821	0.009677509995438597	7.424253151064658e-06	0.8333333333333334	5.345499512938217e+34	136.49999999999935
104	104	121	3.0	0.0041159364962931695	0.5404980938846496	0.09104746827477733	0.018815822108205905	0.5897858319604613	0.07697714526246652	0.003951193284431611	0.5227272727272727	1.9472264069797158e+39	237.5000000000001
105	105	96	3.0	0.003115233221767069	0.3999260269940068	0.07386991456041739	-0.006642049290742131	0.557632398753894	0.07260949728820464	0.003009558767748687	0.5703947368421053	1.2817805774088176e+39	223.33333333333354
106	106	148	3.0	0.0033347148002999634	0.7149241688340093	0.11565719942134743	-0.012031612498646746	0.6193771626297578	0.08030537334532739	0.003192811123598199	0.5350248207391064	3.1421522942408753e+39	251.33333333333343
107	107	114	3.0	0.004113096939305266	0.47982117076577474	0.0834114788724945	-0.02365331246334264	0.5859247135842881	0.07590905006565263	0.003958789368859893	0.5190187859028101	1.6342794779638222e+39	234.50000000000009
108	108	39	3.0	0.0016669192585559126	0.03311350955715619	0.018220798684606264	0.00016127387104309906	0.48840381991814463	0.05160043225252236	0.001752385683123507	0.46558704453441296	7.798633005947948e+37	189.1666666666672
109	109	2	4.0	6.096284392506193e-06	6.961718372297267e-05	0.0007807229580240673	-0.04248468149979961	0.3733055265901981	0.005144942591877459	1.2237766513111204e-05	0.0	1.4317427043240094e+35	139.4166666666661
110	110	92	3.0	0.0017238967763918837	0.39241185872244966	0.07319776654295412	-0.0190302422741427	0.5482388973966309	0.07175823184268064	0.0016923524838049124	0.5759675107501194	1.2585608922489152e+39	220.16666666666694
111	111	105	3.0	0.003901270605264139	0.44364017326536115	0.07922449431451903	0.005554707346176114	0.5691573926868044	0.07433702329312561	0.003957479274602898	0.5470695970695971	1.4743698639720625e+39	228.50000000000017
112	112	119	3.0	0.0034919123416362113	0.5303080062871518	0.0897796862331084	0.00021713375297491327	0.5946843853820598	0.07668073560182855	0.0033359479121531635	0.5333998005982054	1.893359354691966e+39	237.6666666666667
113	113	107	3.0	0.0035762446991168444	0.44647325273585137	0.07940839353712285	-0.00909822149242222	0.5774193548387097	0.07472260721243525	0.0033799278133278027	0.5279492153059425	1.4811986189595625e+39	230.66666666666677
114	114	119	3.0	0.0038258714554864955	0.5442791036792726	0.09160600448940526	0.010292610857969706	0.5917355371900826	0.07667716452124317	0.003650989802481664	0.5396667141432845	1.9712003958804255e+39	237.16666666666674
115	115	121	3.0	0.0033518212040992744	0.5449333008130407	0.09183874154829785	-0.007757359210114929	0.5821138211382114	0.0769215407420425	0.00326867068585857	0.5392561983471075	1.9812489120171575e+39	236.16666666666686
116	116	54	3.0	0.0030355079369961515	0.08947381465217759	0.03104555852319289	-0.06527251205650625	0.5106990014265336	0.05977445358159494	0.003052181972833009	0.4975541579315164	2.264090397643864e+38	199.50000000000037
117	117	46	3.0	0.0006321937601197416	0.08082747650479132	0.029785003930395747	0.005943354544087804	0.5049365303244006	0.05597640749308596	0.0006363010096051722	0.5661835748792271	2.0838016460841233e+38	195.50000000000037
118	118	73	3.0	0.005482189590777857	0.2190768406753603	0.05073503653572066	0.014832722228330935	0.5465648854961832	0.06685732741866762	0.005401592666540924	0.5019025875190258	6.046284396718507e+38	213.5000000000001
119	120	25	3.0	0.0007367174818862861	0.0024673715192848325	0.004000272238058553	0.050387265185704036	0.46134020618556704	0.04045552814666804	0.0007774940975189358	0.44	3.7587449463482504e+36	177.33333333333414
120	121	89	3.0	0.0026658579209490546	0.32075624504351563	0.06434181657035826	-0.09254333736093324	0.5559006211180124	0.07108378015355506	0.0026511320084808246	0.5140449438202247	9.724553755349996e+38	220.66666666666683
121	122	126	3.0	0.0034020160205880993	0.5881001619136613	0.09733542208573952	-0.016797705411598245	0.5927152317880795	0.07766559435493921	0.00328841435000314	0.5462857142857143	2.225449246988409e+39	239.6666666666668
122	123	137	3.0	0.0027554494030655567	0.6640089103634991	0.10798874819683567	-0.003191530843310864	0.608843537414966	0.07905368588200207	0.0026533520493774378	0.5561399742378703	2.739317884251035e+39	246.00000000000009
123	124	88	3.0	0.0026173860383425637	0.32635578746132243	0.0650034606237626	-0.008497629208485317	0.5482388973966309	0.07083726879459666	0.0025892751161484887	0.5357889237199582	9.925658402925247e+38	218.83333333333357
124	125	23	3.0	0.000848248634606808	0.002506571368904467	0.0037065672854950256	0.0584096292939793	0.4667535853976532	0.03812968179222873	0.0009455339046998279	0.4308300395256917	3.227018054154228e+36	178.16666666666737
125	126	59	3.0	0.004406490284573799	0.13032301257848408	0.03785811495574383	-0.0003130184955740033	0.5288035450516987	0.06194815893947405	0.00432681288723418	0.5032144944476914	3.366581338790624e+38	205.16666666666686
126	127	67	3.0	0.0025194861290435576	0.1792012254516857	0.04566658190214968	-0.020905564494523955	0.5367316341829086	0.06489393360764667	0.0024903467745033456	0.5431931252826775	4.898567005366467e+38	209.50000000000017
127	128	123	3.0	0.002951502542766668	0.5833556051854868	0.09679728602156595	-0.03959970228880656	0.5849673202614379	0.07724241362179617	0.0028698497634743153	0.5564440890310542	2.2009367039401204e+39	237.3333333333335
128	129	97	3.0	0.003298168206058458	0.37090263381392563	0.07038450863408163	0.051718513766977614	0.5664556962025317	0.07279827294579115	0.0032362888807487295	0.5277061855670103	1.1637009452886579e+39	225.33333333333346
129	130	88	3.0	0.002829990716427468	0.2533242978529435	0.05537814019627332	-0.0015888162937776299	0.5550387596899224	0.07084750012368289	0.0027256735324143835	0.49660397074190177	7.20341823581862e+38	220.16666666666683
130	131	118	3.0	0.003635964177172509	0.519877734476456	0.0885106310348942	-0.06641307924970472	0.5907590759075908	0.07652894946664905	0.003493002637930865	0.510212950890917	1.8402269001727268e+39	236.66666666666674
131	132	134	3.0	0.003838234308443416	0.6332547154568096	0.10349514166023759	0.015857569810165967	0.6026936026936027	0.07870238728051075	0.0037206077786994213	0.5322634945572887	2.5160456207389876e+39	244.0000000000001
132	133	69	3.0	0.001501813659108216	0.2609279300051383	0.05700987076056495	-0.03830285095597579	0.5211062590975255	0.06558925049712526	0.0015043457182518291	0.6521739130434783	7.634491898701489e+38	206.8333333333337
133	134	21	3.0	0.0017696892386789894	0.002994176501219823	0.0042059960618193665	-0.006645032656926283	0.4595635430038511	0.035785192806789975	0.0020846771471584725	0.26666666666666666	4.1553612632660495e+36	175.5000000000008
134	135	17	3.0	0.0007807935332991495	0.002427610903754466	0.00446842966841535	-0.07101900213003008	0.46553966189856955	0.031626209779187134	0.0009070682533905017	0.33088235294117646	4.689955371172982e+36	175.833333333334
135	136	16	3.0	0.0003627261399700204	0.004560161805726128	0.006585343994082627	-0.0936876591701404	0.468586387434555	0.03048704613408091	0.00041371670335824	0.36666666666666664	1.0186757604768006e+37	176.33333333333394
136	137	114	3.0	0.0037397765962279964	0.5065044906932513	0.08691846593556864	0.04982844350452838	0.5821138211382114	0.07585979780333293	0.003639587173579201	0.5567458469181804	1.77465034816911e+39	233.83333333333346
137	138	66	3.0	0.002708049180498238	0.14943876019721203	0.04107175262227446	0.02840866920540662	0.5327380952380952	0.06457151606929913	0.0026541818057213592	0.4703962703962704	3.9624017163701294e+38	208.33333333333354
138	139	46	3.0	0.004215886073366812	0.03334507613532347	0.017550647257554258	-0.006931437833232759	0.5173410404624278	0.05568645683041263	0.004325243481793381	0.357487922705314	7.2353179254989e+37	198.33333333333354
139	140	27	3.0	0.00038113947212159086	0.025449770991487267	0.016321210489986155	0.014869112421578503	0.4837837837837838	0.042702059926350365	0.0003911809710753604	0.4928774928774929	6.257199583305403e+37	184.00000000000048
140	141	24	3.0	0.001238101163942847	0.0027444268357222387	0.003957034389161884	0.049165268653141636	0.47606382978723405	0.03930312098456154	0.0013478060558249174	0.36594202898550726	3.678048520606828e+36	181.00000000000057
141	142	37	3.0	0.002941717627410101	0.006432960149935517	0.006234792796105778	0.1110813579976865	0.504225352112676	0.049952012926787824	0.0030319976085496463	0.2912912912912913	9.130569779883248e+36	192.33333333333363
142	143	110	3.0	0.0033236051904133776	0.4712157014886263	0.08257004003967058	0.005532800606711878	0.5746388443017657	0.07521277541774594	0.0032187076151269493	0.5569641367806505	1.6015307934533703e+39	231.16666666666683
143	144	24	4.0	0.0010003367288910214	0.001701992835225661	0.002782833536328626	0.05186588090140786	0.43552311435523117	0.03902253092806105	0.0011761322845856806	0.47101449275362317	1.8190203740726626e+36	169.41666666666782
144	145	42	3.0	0.003312404028616362	0.031658959182185864	0.017181410676761537	0.043269062616807394	0.5056497175141242	0.05349800111375721	0.0034698445471053746	0.3821138211382114	6.934520948379278e+37	194.33333333333366
145	146	23	3.0	0.001001222996279942	0.008845848098921298	0.008964953518323826	-0.011698870927821325	0.47606382978723405	0.03847628186045908	0.0011421541953580412	0.4268774703557312	1.8878929504911135e+37	180.66666666666723
146	147	14	3.0	0.00026315219412943324	0.001703156699596843	0.003828434217677494	-0.015874054225496564	0.44143033292231815	0.027665034305217384	0.0003073772719631543	0.4945054945054945	3.442671713717019e+36	167.83333333333437
147	148	35	3.0	0.0018487847559306996	0.017813827129249022	0.012332925156074682	-0.008403819988241192	0.4931129476584022	0.04875067100300297	0.0018802472134553598	0.40336134453781514	3.5727492026017773e+37	189.00000000000043
148	149	88	3.0	0.002189062749319854	0.34707787957131603	0.06765877999879023	0.043861409314644044	0.5440729483282675	0.07082602948604769	0.002192633774841902	0.5945663531870429	1.075322537924866e+39	218.00000000000028
149	150	65	3.0	0.004681407746380263	0.09415721184249841	0.030751083997324055	0.05324778161806545	0.5226277372262774	0.06399147761338897	0.0043141306739728725	0.41009615384615383	2.2212068071560848e+38	205.83333333333366
150	151	20	3.0	0.0007391765838871456	0.002540233690564859	0.0041903115753948355	0.00789270730494067	0.4766977363515313	0.03518976618879522	0.0008347023627012367	0.35789473684210527	4.1244742830435624e+36	179.83333333333385
151	152	32	3.0	0.0021846378823920575	0.0130019059744368	0.010467213889142688	0.15125771201233953	0.48509485094850946	0.046515960670250996	0.0022698188723577145	0.39314516129032256	2.573718032333301e+37	186.0000000000005
152	153	52	3.0	0.0033148801126745026	0.05728854334618025	0.02392613850072949	-0.021038342557150216	0.5114285714285715	0.058779783240390654	0.003338160298349169	0.40120663650075417	1.3447536878524535e+38	199.00000000000034
153	154	98	3.0	0.004371793245307898	0.40767355652811904	0.07455397990026412	0.01061397977557317	0.5700636942675159	0.07305077835887226	0.00419637907392862	0.5569114243635599	1.3056241054018892e+39	226.33333333333343
154	155	5	4.0	1.5510064851937838e-05	0.00023582241374697248	0.001427082615311974	-0.0259572428434916	0.4096109839816934	0.01201230606271628	1.911264179194223e-05	0.3	4.783751340924193e+35	154.41666666666703
155	156	25	3.0	0.0019403377707708518	0.004374982552295303	0.005800093446893396	-0.11437802522741436	0.48707482993197276	0.04037105559596219	0.002136964796169881	0.27	7.902441225676332e+36	184.16666666666708
156	157	74	3.0	0.004982966589912609	0.16331013041009573	0.04293269927804367	0.15443172943039202	0.5424242424242425	0.06710267944548547	0.004954596368698485	0.46390225842280636	4.329853070103775e+38	213.00000000000017
157	158	30	3.0	0.001595632222705148	0.005154979421279286	0.006116529654558821	0.10340134188839727	0.47989276139410186	0.044774008372571374	0.0016859584792642014	0.3632183908045977	8.788099517911797e+36	184.00000000000057
158	159	23	3.0	0.0007063209100781337	0.0022296880567487655	0.0036701912860751026	0.0950449575241758	0.46433203631647213	0.03827284521045437	0.0007837690194768663	0.4308300395256917	3.1640657593427933e+36	177.50000000000074
159	160	22	4.0	0.00045746608094825224	0.0013209452218057205	0.0024893385848788127	0.011908842233414667	0.42771804062126645	0.03700296754248615	0.000526009006858731	0.5974025974025974	1.455539108966913e+36	166.25000000000094
160	161	51	3.0	0.004404591494837311	0.046571697233327665	0.020470287544633668	0.058460968626154616	0.5165945165945166	0.058089624209461996	0.004312217759991919	0.36705882352941177	9.842750249756053e+37	199.8333333333336
161	162	19	3.0	0.0007908146539970174	0.007335642615002782	0.008383734482816875	-0.07546674690219086	0.4637305699481865	0.034205055386801485	0.0008927527551006175	0.3567251461988304	1.651080949658285e+37	176.0000000000007
162	163	46	3.0	0.0015198208929873536	0.03631801306076924	0.018980683728381954	0.10555623589176504	0.5121602288984263	0.05583627154279045	0.0015585466528593482	0.49082125603864735	8.461862725131343e+37	197.16666666666694
163	164	17	3.0	0.0007058280402414666	0.001939998689087536	0.003855232943565938	-0.059170050161122756	0.4436183395291202	0.03156161016983587	0.0008082476923169208	0.36764705882352944	3.4909356880743836e+36	169.50000000000102
164	165	19	3.0	0.0007551135263821689	0.003573588160544547	0.0054370977571332165	-0.06558919923538242	0.468586387434555	0.034056132067253525	0.0008615566280753959	0.39766081871345027	6.944140971695053e+36	177.33333333333397
165	166	68	3.0	0.0026925170583031745	0.18214978286667893	0.046143567497985594	-0.02363821537998552	0.5288035450516987	0.06521109810593229	0.002675800622464437	0.5351185250219491	5.001652693740226e+38	208.16666666666694
166	167	92	3.0	0.002580397697555354	0.34001260623121693	0.066716574553988	0.0628112298300548	0.5559006211180124	0.07172789485159407	0.002527089165843539	0.5336837075967511	1.0455793210056945e+39	221.66666666666686
167	168	91	3.0	0.0018997863528942079	0.35940508994637554	0.06897661030757933	-0.024334427904935382	0.559375	0.07155864576053537	0.001844254138750726	0.5841269841269842	1.117568152117887e+39	222.00000000000014
168	169	17	3.0	0.0011405197272724742	0.0016653790614149528	0.003266035198477117	0.012070171095800662	0.4710526315789474	0.03152129546499265	0.0013638359972665535	0.22794117647058823	2.5056571086398054e+36	177.3333333333339
169	170	59	3.0	0.0029280994320029954	0.0748493273859588	0.027666427047247505	-0.03444434505963651	0.5264705882352941	0.06184668438905002	0.0028704639967649264	0.45412039742840443	1.7978652312605175e+38	204.66666666666688
170	171	66	3.0	0.0020640076427224335	0.13585375109608677	0.038980970928052174	0.013620208244670256	0.5343283582089552	0.06455857394294968	0.0020471190190877214	0.48671328671328673	3.569170910186577e+38	208.66666666666686
171	172	135	3.0	0.002919843039506021	0.6527344437802	0.10627977742335279	-0.008411728561335603	0.6037099494097807	0.07883443980108862	0.0028274992015926894	0.5437258153676064	2.6532685862018965e+39	244.5000000000001
172	173	117	3.0	0.0034164399298832224	0.5104469869264617	0.08742172789031252	0.05966738941783249	0.5840130505709625	0.0763363526626582	0.003296490821245659	0.5393457117595049	1.7952606535821546e+39	235.1666666666668
173	174	118	3.0	0.002223140073216286	0.5604928598410337	0.09389636407448314	0.041948632145982434	0.5859247135842881	0.07649444445921962	0.0021552098357115602	0.5727944372012168	2.070997334225059e+39	235.83333333333346
174	175	90	3.0	0.003762166033502707	0.32964204402600705	0.06527483331007383	-0.013248678720711227	0.5567651632970451	0.07130204950654576	0.003693761861066028	0.5298377028714107	1.0008694839357773e+39	221.16666666666683
175	176	125	3.0	0.0022895794730651863	0.601633369131311	0.09921488079361573	-0.017144983019742537	0.593698175787728	0.07752705199057935	0.002199352067088139	0.572	2.312226067730769e+39	239.5000000000001
176	177	147	3.0	0.004244405183742291	0.6970889727770402	0.11274947119561726	-0.015146028675229753	0.6215277777777778	0.08022091529752909	0.004058556650771665	0.5146771037181996	2.9861252657327056e+39	251.3333333333334
177	178	29	3.0	0.0004654092428992966	0.025125602939546472	0.0162520675031019	-0.041984924236283944	0.4877384196185286	0.044414807161956026	0.0005065803209743195	0.5369458128078818	6.204523323861504e+37	185.6666666666671
178	179	39	3.0	0.0024609360003062086	0.041993399475545014	0.020551341429547725	-0.05051829389788977	0.5070821529745042	0.05173403486764926	0.002519060064321781	0.40620782726045884	9.921121771609231e+37	193.66666666666694
179	180	49	3.0	0.0028068257902987247	0.01170602059341728	0.009337457373991703	0.04623496140993161	0.5151079136690647	0.05715763638777784	0.002841131581990651	0.39880952380952384	2.047751391878843e+37	198.8333333333336
180	181	70	3.0	0.008805818658674693	0.09559468669608581	0.030602907856095957	0.08713516580112748	0.5383458646616541	0.06573097712373815	0.00832207540090903	0.3784679089026915	2.1997634378047954e+38	210.8333333333335
181	182	75	3.0	0.0025308333389477138	0.11700405201955684	0.03523226173950556	0.04228835410250724	0.5424242424242425	0.06735493437576617	0.002459828454929141	0.4753153153153153	2.9155870166336524e+38	213.3333333333335
182	183	75	3.0	0.005175450414425863	0.06235623896650437	0.024081764622405435	0.08119746196166576	0.5474006116207951	0.06724886859725053	0.005083504608082517	0.3924324324324324	1.3621083784700885e+38	214.33333333333346
183	184	60	3.0	0.0038808388787112836	0.025628485758867357	0.01456215775900342	-0.009658316143932325	0.5295857988165681	0.06204294858592039	0.003812066560607939	0.38757062146892657	4.980616728967883e+37	205.66666666666686
184	185	59	3.0	0.002773118427659181	0.04316099943062975	0.02016343208473348	-0.0036026281545378904	0.528023598820059	0.06177014974374199	0.0027702641753581327	0.43015780245470486	9.549162415517674e+37	205.0000000000002
185	186	23	3.0	0.0009334683304684237	0.0025786793085631594	0.004114456635248937	-0.08573560292714721	0.45721583652618136	0.038309042570604204	0.001037643846098762	0.40711462450592883	3.9763987106399486e+36	175.50000000000085
186	187	39	3.0	0.001885585217112579	0.008335431370304201	0.00790851968159717	-0.020742503016984014	0.5	0.05137042421014149	0.0019682783344521417	0.43724696356275305	1.469071894062474e+37	192.00000000000037
187	188	98	3.0	0.002412516431621844	0.40748422103942494	0.07488944811973651	-0.010815882227733185	0.5682539682539682	0.07300682358171734	0.0023639499943426795	0.5619608668209551	1.3174342743042198e+39	226.0000000000001
188	189	117	3.0	0.003370769540462265	0.5189667323171998	0.08829508159610831	0.012951552543266628	0.5821138211382114	0.0763810700201454	0.003229981653570464	0.535956380783967	1.8312526602865682e+39	234.83333333333348
189	190	7	4.0	0.00015144390755718326	0.00021843279526728615	0.0010585277459719655	-0.07754312597878982	0.40497737556561086	0.015796817587743813	0.00022271582519404603	0.42857142857142855	2.6319475393483652e+35	153.50000000000026
190	191	45	3.0	0.002914179121316519	0.01290210120807048	0.009954192475275469	0.026933019955399044	0.5056497175141242	0.05504642284638088	0.0029656573943396777	0.38282828282828285	2.327202847715391e+37	195.33333333333368
191	192	45	3.0	0.0024560763190124494	0.049137245402059694	0.022258331478001447	0.005537784740894298	0.521865889212828	0.05537055424230136	0.0024570976928038613	0.3747474747474748	1.1637260547939175e+38	199.00000000000014
192	193	34	4.0	0.0026407813559372064	0.002541232432039848	0.0029765423027554735	0.06463698841251007	0.46736292428198434	0.047355817204595065	0.002824415206394956	0.34759358288770054	2.0810432475563772e+36	182.0833333333341
193	194	21	3.0	0.0007721624227818587	0.0027482619349934174	0.003971300102205267	0.05300806967502331	0.4601542416452442	0.03597156582994872	0.0009095062520491674	0.42857142857142855	3.704518986732904e+36	175.66666666666745
194	195	48	3.0	0.003710038191327439	0.013303624263915697	0.009808308942750102	-0.05575717726591262	0.5114285714285715	0.05662935461002273	0.0037617902277346663	0.33865248226950356	2.2597733691359985e+37	197.66666666666697
195	196	25	3.0	0.0013624036612628113	0.00301661277264214	0.0042079527997831425	-0.11756969193896123	0.48575305291723203	0.0402431496823326	0.0015600041284711198	0.36666666666666664	4.158906658669907e+36	183.83333333333377
196	197	15	3.0	0.000544342583540864	0.0015666304102966268	0.0031724932124578167	-0.103378372935599	0.4430693069306931	0.02872320483981754	0.0006792189101383361	0.4	2.3639725272560938e+36	168.66666666666768
197	198	35	3.0	0.0022852589009820217	0.007547597884928804	0.007259788753241712	-0.10019806524864273	0.4924346629986245	0.048614185634334936	0.0024166932966742907	0.38823529411764707	1.2378817940247987e+37	188.83333333333377
198	199	66	3.0	0.005625959999298988	0.15151139388028378	0.041076980592718706	-0.06739355207866814	0.5367316341829086	0.06456312282763181	0.005593424139210074	0.43263403263403266	3.963480737629887e+38	209.16666666666683
199	200	121	3.0	0.005018182471897096	0.44640485196896956	0.07903174386985122	0.018937117001050635	0.5946843853820598	0.07697012607067538	0.004793922474013992	0.47603305785123967	1.467127954782859e+39	238.3333333333334
200	201	94	3.0	0.002798645287719998	0.31206787983706824	0.06287845010590687	0.03467074386733791	0.5664556962025317	0.07221028073356525	0.002729099454181898	0.5051475634866164	9.286871011843428e+38	224.33333333333343
201	202	115	3.0	0.004249528614018463	0.4565868780606501	0.08044152913602173	0.05307434268227065	0.5821138211382114	0.07606316642105347	0.004086739117397598	0.5022120518688025	1.5199484372272835e+39	234.1666666666668
202	203	120	3.0	0.0034994550407336637	0.5125775686919356	0.08744196796921944	0.025618155329914485	0.5849673202614379	0.07682511122155025	0.003325624619187221	0.5292717086834734	1.796012023884165e+39	236.33333333333348
203	204	82	3.0	0.0034078217908966135	0.2443887057679179	0.054180948092506065	0.03567132310641821	0.5541795665634675	0.06937439454900317	0.003291481898227449	0.5106895513399579	6.895389920126736e+38	218.0000000000001
204	205	23	3.0	0.0015395921111677118	0.007789757688876756	0.008368753183919306	0.019748257881057166	0.4692005242463958	0.03841896891002818	0.0017818182694719763	0.35968379446640314	1.6451545092136843e+37	178.833333333334
205	206	44	3.0	0.0044274892795983746	0.02106613969350935	0.01304410588574152	-0.040788062648786184	0.515850144092219	0.0545188366226857	0.004469554142984844	0.3044397463002114	3.996521104931836e+37	197.33333333333354
206	207	93	3.0	0.004568799975457912	0.352337721165588	0.06802544389236616	0.08251002245799009	0.5559006211180124	0.07193272838031903	0.004414377293796068	0.5355306217858813	1.08697866763833e+39	222.0000000000002
207	208	32	3.0	0.0028291069838211917	0.0036333132836541505	0.004514932387467585	0.018191010146935874	0.5014005602240896	0.04641125160215959	0.0029855692942895706	0.26411290322580644	4.7880709303844995e+36	190.00000000000028
208	209	36	3.0	0.002521951792999892	0.00390682775288486	0.004194612162830586	0.007804825731565021	0.468586387434555	0.04891278137977847	0.002639658340806213	0.3873015873015873	4.132574125329249e+36	183.0000000000008
209	210	28	3.0	0.0014609779086610538	0.0026101545765510378	0.0034886256862649	0.1139342307588315	0.463130659767141	0.04273512906385268	0.0016171791303954157	0.4021164021164021	2.85857989241211e+36	178.83333333333414
210	211	17	4.0	0.0010327524977397388	0.0007366192383576592	0.0018901254214116299	-0.03710709661935287	0.44582814445828145	0.031394164518413266	0.0011843595369875597	0.27941176470588236	8.391279768793307e+35	170.25000000000097
211	212	27	4.0	0.0006754391118659617	0.0025887215439509862	0.0035073043263477263	0.06412608155300027	0.45373891001267425	0.04172742087097009	0.0008186285628300053	0.5356125356125356	2.889369476217879e+36	175.9166666666676
212	213	35	4.0	0.0014473303194903096	0.010436907728305338	0.00862664379137389	0.034157740914959815	0.47733333333333333	0.04839150925424568	0.001512223286101136	0.4403361344537815	1.7480383108920292e+37	185.08333333333397
213	214	25	3.0	0.0018775567437926872	0.0013677425596736778	0.002369229183050385	-0.02200220800909638	0.4403444034440344	0.04013661694364547	0.0020230979910787965	0.3466666666666667	1.318401273591198e+36	171.16666666666782
214	215	94	3.0	0.004088521649640402	0.3500152930738808	0.06779227293168431	-0.0062074043891988725	0.5620094191522763	0.07218313589088551	0.004097058392175016	0.5179592770533059	1.0795612831406329e+39	223.50000000000014
215	216	65	3.0	0.003804572669373011	0.14626761988139175	0.04059427821132998	0.01860866695671733	0.5295857988165681	0.06417292476485163	0.003816111732957501	0.4528846153846154	3.870921858121817e+38	207.33333333333357
216	217	49	3.0	0.004387140309832103	0.017757363995043837	0.011743676047283975	0.006232758289875118	0.5203488372093024	0.057153716331823305	0.004464922037456381	0.3392857142857143	3.239199694898827e+37	200.0000000000002
217	218	35	3.0	0.0012488427320046652	0.006704870850528208	0.00708479827351797	-0.03966731587406201	0.49175824175824173	0.04865100204667003	0.0013311708464608266	0.4722689075630252	1.178934811500248e+37	188.6666666666671
218	219	41	3.0	0.0012277686354279214	0.0605371604231227	0.02564176706431257	-0.004348754030552854	0.48575305291723203	0.05298479326623742	0.0013139870552356296	0.5378048780487805	1.5444412195105195e+38	189.16666666666725
219	220	13	3.0	0.00017090728545479653	0.003831045669037453	0.0062668249394462455	0.0027477343043229613	0.43605359317904996	0.02630558207177173	0.00019105871386662724	0.5128205128205128	9.225084107286354e+36	165.8333333333344
220	221	46	3.0	0.0016279049669213404	0.021088916815934618	0.013654027864622293	0.008753546163548688	0.5049365303244006	0.05564990765748841	0.001651125388446318	0.4859903381642512	4.378753633263063e+37	195.50000000000037
221	222	21	3.0	0.000768571998391888	0.007125204945460852	0.008314825320289154	-0.0028012874334339168	0.4786096256684492	0.036530611756277816	0.0008772950450991579	0.38571428571428573	1.6240322193862757e+37	180.66666666666717
222	223	77	3.0	0.0024736811754499403	0.1802341026889789	0.045507802100698096	0.043070967773001984	0.5457317073170732	0.06801820552909311	0.002421174721798733	0.46206425153793573	4.864428927857532e+38	214.66666666666683
223	224	34	3.0	0.00246031009873035	0.004591722051177728	0.005273340685364463	-0.007562653430934035	0.5035161744022504	0.04797552507555317	0.0025774703915008076	0.3172905525846702	6.531620398160763e+36	191.16666666666694
224	225	63	3.0	0.004097715041045417	0.0313970697728862	0.016398331505418043	0.04703492876364935	0.5319465081723626	0.06322947022694296	0.004074336740307671	0.38095238095238093	6.315776169685017e+37	207.16666666666686
225	226	103	3.0	0.0033277679339079047	0.3995854158975076	0.0735549293125312	-0.025068136760285197	0.5755627009646302	0.07402184980092426	0.003200874633184853	0.5183704549781077	1.2708563139550041e+39	229.00000000000009
226	227	37	3.0	0.002022939510310072	0.010508568976993104	0.009208924302615358	-0.013017670592371541	0.49653259361997226	0.05015731950465654	0.0021871478541792347	0.3813813813813814	1.9918022207500564e+37	190.5000000000004
227	228	42	3.0	0.0015108891893978824	0.0167612350811571	0.011949623121845804	-0.015706110354404102	0.4877384196185286	0.05328354827787224	0.0015578304894672066	0.47619047619047616	3.3538027473614152e+37	190.00000000000057
228	229	26	3.0	0.0011974591678979847	0.00302000242367339	0.004449409069209498	-0.10937044421564479	0.47989276139410186	0.04139325165200895	0.0012653191151308406	0.38461538461538464	4.64984676677754e+36	182.6666666666672
229	230	117	3.0	0.006313176226140437	0.47655906606929677	0.08277802787399938	0.007025917693083097	0.5849673202614379	0.07637082526445328	0.006085674272965903	0.4944002357795461	1.6095343207885157e+39	235.33333333333346
230	231	44	3.0	0.0031229198857957077	0.02535040444827691	0.015360855394829388	-0.09600614163235122	0.49653259361997226	0.05459898167019256	0.003232164272549479	0.39957716701902746	5.542734992593404e+37	192.8333333333338
231	232	117	3.0	0.004101779530044679	0.47035564141084	0.08211258806323216	0.03047674735522863	0.5849673202614379	0.0763727282180999	0.003945289474837405	0.5094311818449749	1.5837506987690045e+39	235.33333333333346
232	233	10	3.0	6.686832517707332e-05	0.0013741678395722645	0.0035773444955588536	-0.03508476949759859	0.4251781472684085	0.021494502633476287	8.132515989498913e-05	0.5333333333333333	3.005835147833614e+36	161.3333333333341
233	234	84	3.0	0.0029153589137671156	0.2628561378831947	0.056682079710777	0.05439048180048738	0.5499231950844854	0.06988889530444206	0.0028009961852918128	0.5261044176706827	7.54668620491264e+38	217.8333333333335
234	235	122	3.0	0.006051033291256384	0.5112476636019482	0.08706833317767891	-0.004227020475123142	0.5986622073578596	0.0771363342167017	0.0058257623024232045	0.4976290475545319	1.7806984318283976e+39	239.33333333333337
235	236	57	3.0	0.0036428549982813227	0.10098426911515798	0.032903441187803854	0.022224892272462656	0.518840579710145	0.06110608495335153	0.0036405481032582825	0.4423558897243108	2.5430284398140528e+38	202.33333333333363
236	237	22	3.0	0.0006778257970593752	0.011281969598637203	0.010467778407457124	-0.04125037386848867	0.4741721854304636	0.037659406444276906	0.0007305338643758838	0.4458874458874459	2.573807987851697e+37	179.8333333333339
237	238	57	3.0	0.00263361983652634	0.10785506754551148	0.03435749133204755	-0.01984078637460068	0.521865889212828	0.061120372000629496	0.0026382829776837816	0.47117794486215536	2.772820731845254e+38	203.00000000000026
238	239	19	4.0	0.0006238346678799647	0.0017493559369746033	0.003520897423675547	0.051971303131305296	0.4371184371184371	0.033945656580243455	0.0007158713510104508	0.4678362573099415	2.911843661454732e+36	168.25000000000114
239	240	54	3.0	0.00294601147139813	0.07086833106658173	0.027282901819656504	0.008048792846809389	0.5151079136690647	0.05971593328646814	0.003042886098030169	0.4689028651292802	1.7485604502751176e+38	200.5000000000003
240	241	23	3.0	0.0006831476807405083	0.006033794014492415	0.006943690750548836	-0.03175046700796246	0.47291941875825627	0.03847138076614836	0.0007559792610549792	0.4268774703557312	1.1325225227492594e+37	179.83333333333394
241	242	86	3.0	0.003742380465404693	0.2956006887554345	0.06090002097206514	-0.012800011135539848	0.5550387596899224	0.07040557441743256	0.0036612690439583274	0.5108071135430916	8.711773733923643e+38	219.50000000000014
242	243	58	3.0	0.0031469592446691256	0.06785612728460273	0.026408785500354137	0.005638732276243928	0.521865889212828	0.0613854353926547	0.003219006613066594	0.4676346037507562	1.6383277734474198e+38	203.3333333333336
243	244	65	3.0	0.002418279534703306	0.1107378204071962	0.034776800336755405	0.035554405374399786	0.5319465081723626	0.0641044742602911	0.0024382973499347403	0.5274038461538462	2.8410684686166194e+38	207.83333333333354
244	245	33	3.0	0.0028020877119765233	0.008663172608253599	0.007960251702425793	0.05577266598447823	0.49108367626886146	0.047186026390442566	0.0029851841741781503	0.32575757575757575	1.4883264477203823e+37	187.83333333333377
245	246	85	3.0	0.003652710981652293	0.28900975343845037	0.06028806691014383	-0.04172279066827778	0.5550387596899224	0.07010705224647451	0.0037431548574091028	0.5176470588235295	8.537870590491968e+38	219.1666666666668
246	247	115	3.0	0.0034816402324196263	0.5150273200133343	0.0880180119698594	0.034073757769627996	0.5792880258899676	0.07603295409470075	0.0033887883375038168	0.5342486651411137	1.819793364442153e+39	233.66666666666683
247	248	40	3.0	0.004778350239945513	0.008949214460501006	0.007963556756874298	-0.1384223081433218	0.515850144092219	0.05209672138710902	0.005013815163767416	0.2692307692307692	1.4897024810116964e+37	196.00000000000017
248	249	100	3.0	0.002132903958410173	0.3873181494992421	0.07243542290599002	-0.006066656053370092	0.5559006211180124	0.07335875989292545	0.0020905426360416737	0.5703030303030303	1.2325236652622288e+39	224.3333333333336
249	250	110	3.0	0.002583039890297148	0.45816789419229415	0.08107928247544359	0.019592201833227862	0.5682539682539682	0.0751929584314445	0.0025037471087859847	0.5339449541284403	1.5442206183329038e+39	230.00000000000023
250	251	93	3.0	0.0028113558953629983	0.30353566630407464	0.062060826736903545	0.019247851717704104	0.557632398753894	0.07191147761142498	0.0027481758463473098	0.5359981299672745	9.04756630515856e+38	222.3333333333335
251	252	68	3.0	0.00314001626806536	0.19702598900400312	0.048061727693359424	-0.017318919093338072	0.5264705882352941	0.06523993734497585	0.0030206873300285273	0.5324846356453029	5.4260542721965765e+38	207.66666666666697
252	253	80	3.0	0.006140468373840212	0.24132531762630988	0.05366272065903729	-0.023626242778171436	0.551617873651772	0.06884767399558735	0.005917559559081059	0.46645569620253163	6.764319439340789e+38	216.83333333333346
253	254	70	3.0	0.0014789342467487834	0.22468891812027575	0.05221620901590811	0.05641827023904482	0.521865889212828	0.06591319532811936	0.0014855672516568854	0.5664596273291925	6.404479668650598e+38	207.3333333333337
254	255	52	3.0	0.00336435339616915	0.04359499681897605	0.020623128340560452	0.045603784477542555	0.514367816091954	0.05878925229476246	0.0034230542359924504	0.4343891402714932	9.991002375723694e+37	199.66666666666697
255	256	33	3.0	0.0009289373258471367	0.008025731186427711	0.008258929094574888	0.012643189061045123	0.48641304347826086	0.047384503639807285	0.0009787553137125032	0.5170454545454546	1.602028461981893e+37	186.66666666666717
256	257	118	3.0	0.002710567205351401	0.5369901651068414	0.09069407013691322	-0.037104772693406875	0.5868852459016394	0.07652700085653076	0.0025995407647974637	0.5486020570766333	1.932113147773996e+39	236.0000000000001
257	258	99	3.0	0.007311229781613837	0.36731109215087393	0.06955939037071217	-0.005263698112953555	0.5728	0.07319374027195656	0.0069821083177577375	0.4893836322407751	1.1365790732866223e+39	227.16666666666674
258	259	107	3.0	0.0026742234926642847	0.4678882958536103	0.0821758016684739	-0.029964773320683633	0.5737179487179487	0.0747148332249121	0.002615554124203796	0.5533415623346852	1.5862165777615265e+39	230.00000000000014
259	260	112	3.0	0.002195443038409562	0.5226926990191757	0.08904353664931774	-0.06684124859294024	0.5792880258899676	0.07556534612413109	0.002126506771155922	0.5677284427284427	1.8624421370939524e+39	232.6666666666668
260	261	78	3.0	0.0026783085424597303	0.22467686358307146	0.051713462716616074	-0.02668345941674552	0.5499231950844854	0.0683291445874545	0.0026180770496332492	0.49284049284049286	6.281691448308359e+38	215.83333333333346
261	262	15	3.0	0.000361732863016578	0.0023415476910915545	0.004319371140032616	-0.028260068467063474	0.45373891001267425	0.028984175794709983	0.000420880581836832	0.38095238095238093	4.382488510385325e+36	171.83333333333417
262	263	96	3.0	0.003676081584376272	0.3283199454021557	0.065066178451455	-0.08624286568451353	0.5602503912363067	0.07257338177569772	0.0036264586626322936	0.5096491228070176	9.944944516197042e+38	223.8333333333335
263	264	57	3.0	0.0027016700329169684	0.09803618799260731	0.032660083118008186	-0.0812443142129774	0.521865889212828	0.061072492101618484	0.002764997901674189	0.48120300751879697	2.5057102847553108e+38	203.00000000000026
264	265	132	3.0	0.006180506100393654	0.5829490630868219	0.09640772641003297	-0.036397042593285314	0.6067796610169491	0.07848528822462839	0.005913755136799833	0.49236641221374045	2.1832680279080055e+39	244.00000000000006
265	266	103	3.0	0.002710515060696372	0.40648589648753075	0.07477079371281517	0.005154116105278915	0.5611285266457681	0.07393235775198796	0.0026639893824480934	0.5532076908433277	1.3132770392064387e+39	226.33333333333357
266	267	71	3.0	0.0026567954475492195	0.15158341983606818	0.0414181045894279	0.02119972359984587	0.5367316341829086	0.06613640943498002	0.0026436442021310347	0.5275653923541247	4.029774089423576e+38	210.83333333333354
267	268	49	3.0	0.0034467518697913146	0.019751905793514882	0.01308075869523991	-0.0368849101107279	0.515850144092219	0.05723370046780493	0.003540755643904874	0.3792517006802721	4.019302534030911e+37	199.00000000000026
268	269	52	3.0	0.0009233016815304718	0.08901927070814511	0.031329635038018624	0.10246443173767776	0.5006993006993007	0.0588683862735571	0.0009411976207604331	0.6244343891402715	2.3057558747992407e+38	196.50000000000048
269	270	31	3.0	0.001305356514269393	0.007128098006420507	0.007623949198887806	-0.025471487738542888	0.4897400820793434	0.0457755881712868	0.0014174518834037112	0.4666666666666667	1.365194308432733e+37	186.83333333333377
270	271	15	3.0	0.0007767766109979481	0.004070190782924462	0.005881923795034297	-0.0456029393736968	0.45605095541401275	0.028806456094115442	0.0010128999563420733	0.3904761904761905	8.127003805815122e+36	172.5000000000008
271	272	98	3.0	0.007536250906962926	0.39638448409068855	0.07304465333800228	-0.04865392498971475	0.5673534072900158	0.07298767816323214	0.007095653214954145	0.5358720807910793	1.253305659084341e+39	225.83333333333346
272	273	81	3.0	0.0030360721669359593	0.22833318403893396	0.05210189844084427	0.0516676226412284	0.5440729483282675	0.06909482554515843	0.0029853828568022697	0.508641975308642	6.376319867860661e+38	215.66666666666688
273	274	61	3.0	0.0028728849703159366	0.08845863623219416	0.03032769188575908	-0.013534054252128943	0.528023598820059	0.0626762986454787	0.0028709900578469507	0.46174863387978143	2.160379632669847e+38	205.66666666666688
274	275	117	3.0	0.004228110923553679	0.5082480145816363	0.08684112272430258	-0.0021413204822741225	0.5907590759075908	0.07640150889345955	0.004117598504010027	0.5173887415266726	1.7714278297805046e+39	236.3333333333334
275	276	48	3.0	0.0019570966104317886	0.08230735594920952	0.029733107915969236	-0.02423978188940534	0.5078014184397163	0.057006128960315046	0.0019707942453765174	0.5292553191489362	2.0765598577050874e+38	196.83333333333368
276	277	108	3.0	0.003027743584783238	0.4720265225273993	0.08271727535539074	0.02008074496491625	0.5682539682539682	0.07487715416929691	0.0029594182517209133	0.5541709934233299	1.6072333488223633e+39	229.33333333333354
277	278	81	3.0	0.0024603503955440043	0.26362252964600147	0.0572218011040344	0.15421605824111173	0.5383458646616541	0.0690561985807971	0.0024689338537595643	0.5367283950617284	7.691568899905638e+38	214.50000000000028
278	279	131	3.0	0.003059573660496294	0.6293506930077079	0.10300478242502487	-0.008397112670398773	0.5976627712854758	0.07832054017257604	0.002949278552040392	0.5497357604227833	2.49226890516991e+39	242.1666666666668
279	280	78	3.0	0.0018720479606744976	0.26883795289126844	0.057861473051691925	0.010720433363056439	0.5416036308623298	0.06829291875354015	0.0018708996812998057	0.5651015651015651	7.864158216867643e+38	214.16666666666688
280	281	100	3.0	0.002863421704105891	0.4369828372333841	0.07847774950443151	0.028982434695455132	0.5673534072900158	0.07341053040273078	0.00279858169911489	0.5682828282828283	1.4466812078452006e+39	226.50000000000014
281	282	94	3.0	0.003340659961812265	0.34647322576113126	0.06726351237813678	0.002353466236417501	0.5611285266457681	0.07220388394756605	0.003332366434165305	0.5268817204301075	1.0627469241475164e+39	223.33333333333348
282	283	24	3.0	0.0010158753144086901	0.010063588905417172	0.009604391066135058	-0.009285718182520079	0.4661458333333333	0.039588231057661065	0.0010758885943138378	0.4420289855072464	2.1666283823251934e+37	178.33333333333405
283	284	79	3.0	0.0017610276908967002	0.27673881680799656	0.05900563650728762	0.03967301902185265	0.5391566265060241	0.0685234082320428	0.0017403283651783927	0.5641025641025641	8.17842557331851e+38	214.00000000000026
284	285	83	3.0	0.002224108879443631	0.2901642321698357	0.06057518436538653	0.03202492599294127	0.5440729483282675	0.06957421160257997	0.0021817872408355313	0.5624449015574493	8.619440617024421e+38	216.33333333333357
285	286	140	3.0	0.0026740629377082895	0.691769784242173	0.11209099795975568	-0.025840735248221735	0.6047297297297297	0.07942099550904791	0.002559485106616846	0.5589928057553957	2.9513606279707374e+39	246.33333333333348
286	287	87	3.0	0.0020878201604054916	0.3258843142979696	0.06507443392084297	0.03486239731396006	0.5499231950844854	0.07057233329800444	0.002088510730427755	0.5645549318364074	9.947276760124776e+38	218.83333333333354
287	288	16	4.0	0.0006974041515661163	0.0015955159850960677	0.0034947307609809568	0.039152623529934184	0.4508816120906801	0.030230934149186622	0.0008261818932597789	0.35	2.868830858589112e+36	171.41666666666754
288	289	19	3.0	0.0018516813159707734	0.002496473366083003	0.004054800343422598	-0.08250719907737464	0.46074646074646075	0.033441812531955876	0.0024237867158298553	0.2573099415204678	3.862065769023404e+36	175.16666666666742
289	290	105	3.0	0.0028147357343679936	0.48660397845278425	0.08453414711673074	0.052888951875180445	0.5691573926868044	0.07435219268433506	0.0027203631249795896	0.5862637362637363	1.6785870973169526e+39	228.50000000000017
290	291	100	3.0	0.009947957717941837	0.3758974098893968	0.07031642337738783	-0.0580657397099938	0.5764895330112721	0.07340500120556087	0.009523969566952057	0.48383838383838385	1.161419986304155e+39	228.1666666666667
291	292	114	3.0	0.001871840489809827	0.538896780288294	0.0911985354263667	0.0007654731797606043	0.5728	0.07585829378145759	0.0018294454462851563	0.5853128396211769	1.953692884950549e+39	232.16666666666688
292	293	67	3.0	0.002523708180354308	0.1834653625626766	0.04643905006315764	0.055333102719057135	0.5272459499263623	0.0648414423887993	0.002552812676430542	0.5545002261420172	5.065803734901208e+38	207.50000000000028
293	294	94	3.0	0.0022277680464342095	0.378115155117305	0.07139028216564153	0.043528696471888575	0.5550387596899224	0.07217502579909589	0.0022034478651043144	0.5644017387325555	1.1971729338545281e+39	222.16666666666688
294	295	80	3.0	0.0073668589702243145	0.13432195674078448	0.037545453323099894	0.03225166221558041	0.557632398753894	0.06882225371286424	0.007156239680576805	0.3920886075949367	3.311058244588516e+38	218.00000000000006
295	296	97	3.0	0.00649985931668944	0.24344444302430024	0.05337464760227759	0.007230523093672777	0.5737179487179487	0.07283120122590836	0.0061993218805971514	0.422680412371134	6.691567524177211e+38	226.6666666666667
296	297	31	3.0	0.0003312801331268374	0.024529399504529172	0.015988720872471433	0.010928567758271886	0.48575305291723203	0.046032208434106894	0.0003490657730638099	0.589247311827957	6.005234402598491e+37	185.83333333333383
297	298	36	3.0	0.002730572384355355	0.031794716143723936	0.017376749177053192	-0.014234371519089375	0.49175824175824173	0.04961788481782951	0.002737107351166045	0.4015873015873016	7.093030824619943e+37	189.00000000000045
298	299	71	3.0	0.0013914055779231079	0.24259003985109112	0.05463817670560394	-0.03640219296009754	0.5311572700296736	0.06620261145762163	0.0013927628510629298	0.6044265593561369	7.012609171122398e+38	209.66666666666694
299	300	19	3.0	0.0008077677540861971	0.0012436509328243258	0.002379079556924157	0.0731968623010651	0.4619354838709677	0.033744939547681436	0.000953008113831324	0.3742690058479532	1.3294923455410347e+36	175.50000000000074
300	301	58	3.0	0.00035527403704039293	0.19398282662941027	0.04826783642030025	-0.026823329622788168	0.5136298421807748	0.061587355091426314	0.0003540259362922118	0.6848154869933454	5.4726077520421625e+38	201.50000000000037
301	302	112	3.0	0.003677030014780645	0.48639124164534914	0.0844284151613114	-0.09890385321891655	0.5783521809369951	0.07555014749558397	0.0035781257685807756	0.537001287001287	1.6744130959069725e+39	232.50000000000014
302	303	135	3.0	0.002974713839280155	0.6520176569235457	0.10613261500397665	0.01190374382724726	0.6006711409395973	0.0788387211871344	0.002832928765562927	0.5473742399115533	2.645905237063942e+39	244.00000000000014
303	304	19	3.0	0.0012129686957894036	0.003467837149258318	0.005157978275184849	-0.01704275011952532	0.46981627296587924	0.03391098500232203	0.0013856290975435535	0.29239766081871343	6.249409136060509e+36	177.66666666666728
304	305	17	4.0	0.0005227404779068263	0.0005991347560342506	0.0014886317267348227	0.08354515261728768	0.4211764705882353	0.03120557851168635	0.0005640220945130789	0.4632352941176471	5.2051505871152144e+35	162.41666666666742
305	306	90	3.0	0.004541467921233679	0.31293741591124735	0.06298488328434602	0.024601647823792976	0.5533230293663061	0.07133323856821845	0.004459260860498438	0.48664169787765293	9.318608261014013e+38	220.5000000000002
306	307	116	3.0	0.003558236713578464	0.4933908393330574	0.08511419100552271	-0.010511915883128236	0.5888157894736842	0.07622255816782059	0.003461911155070247	0.523688155922039	1.701670396423526e+39	235.66666666666674
307	308	39	3.0	0.0023366449219807866	0.0526329561010841	0.023311839328546302	-0.059635939343290624	0.5014005602240896	0.05169420733215209	0.0024275300584734654	0.4642375168690958	1.2765089159640219e+38	192.33333333333368
308	309	129	3.0	0.0031780176192212693	0.6059936246294687	0.09974022201078526	-0.02931751746690538	0.5956738768718802	0.07807177400190284	0.003056779103516284	0.5443313953488372	2.3367713186073482e+39	241.1666666666668
309	310	99	3.0	0.004251828221565795	0.39152113710388403	0.07280727454970141	-0.030837348707672248	0.5673534072900158	0.07320725782455864	0.004179582540016243	0.538857967429396	1.2451924801531047e+39	226.1666666666668
310	311	118	3.0	0.0021610720524119333	0.5717847020001173	0.09535302038453537	0.041608954236126754	0.5774193548387097	0.07650156693508926	0.002104495783978636	0.5861219759524844	2.1357292291988057e+39	234.33333333333354
311	312	142	3.0	0.003407727835912568	0.6922684144015311	0.11210623844288418	-0.028810138673417637	0.613013698630137	0.07965739847384029	0.0032884452416698344	0.5430026970332634	2.9521695163786576e+39	248.33333333333343
312	313	24	3.0	0.0016708668854900726	0.005608062329702094	0.00662355733907845	-0.0994717170359534	0.47989276139410186	0.03950235247861796	0.0017872480499943715	0.35144927536231885	1.0305756836140928e+37	182.0000000000005
313	314	129	3.0	0.002216463883895002	0.6366840615952831	0.10409384317893916	-0.01134645175146563	0.5946843853820598	0.07805729349801684	0.002134717056510542	0.5740067829457365	2.5452473731106152e+39	241.00000000000014
314	315	16	4.0	0.0009109793637617972	0.0014376861289391602	0.002675026081789526	-0.011957290788362303	0.43658536585365854	0.029684311600612405	0.0011909894666676242	0.2916666666666667	1.6808412458769434e+36	167.16666666666777
315	316	83	3.0	0.005392333831977213	0.24377660705621387	0.0538594753299547	-0.03148422623699108	0.5541795665634675	0.06965908521205431	0.005233784144110471	0.46429620922715253	6.81389324368499e+38	218.33333333333346
316	317	107	3.0	0.004310994603876577	0.39420292633324505	0.07277069744667988	-0.023439835061326592	0.5830618892508144	0.07473647026344901	0.004131713667286048	0.4999118321283724	1.2438856464712401e+39	231.6666666666667
317	318	52	3.0	0.005182317761388871	0.02482465210704031	0.014336515326678857	0.07563376722347363	0.5233918128654971	0.05861010626138433	0.005244445915721186	0.30618401206636503	4.827671295178036e+37	201.66666666666686
318	319	56	3.0	0.0038005435884947837	0.09029518696972579	0.03112919271757958	-0.02627318114969409	0.528023598820059	0.060683461236281946	0.003930590744889197	0.40064935064935064	2.2762292346799684e+38	204.00000000000017
319	320	21	3.0	0.0012801496903177222	0.001613297543865039	0.0030683691821067416	0.06717585362220185	0.46433203631647213	0.036210339372803664	0.0013850586251561582	0.32857142857142857	2.2113409683569354e+36	176.83333333333405
320	321	46	3.0	0.005559281295897851	0.014639808821835113	0.010031242295917954	0.05866547385317423	0.5128939828080229	0.055416728438815364	0.00563309428705431	0.25217391304347825	2.3635748113419467e+37	197.3333333333336
321	322	30	3.0	0.0018721552496736903	0.007266573761579227	0.007239507718150944	0.0872477197314813	0.49653259361997226	0.04487634711867759	0.0019773167479090357	0.31494252873563217	1.231130482048361e+37	188.166666666667
322	323	84	3.0	0.004049860141052893	0.2240319896333336	0.0512042537021482	0.008702340567444343	0.551617873651772	0.06987536900312073	0.003927590778390139	0.4911072862880092	6.15845141664739e+38	218.16666666666683
323	324	22	3.0	0.00165179265386911	0.0017756210525363386	0.003079017808338504	-0.06795085229589365	0.45721583652618136	0.03714434211224022	0.0018791368235196065	0.33766233766233766	2.226762505559614e+36	175.1666666666675
324	325	23	3.0	0.0009544032611967117	0.0012221134242987926	0.002230924453077505	-0.07941752089387455	0.4408866995073892	0.03798110104010709	0.0010714943738330317	0.39920948616600793	1.169012438945474e+36	170.6666666666678
325	326	63	3.0	0.002809451373088805	0.12666891815007017	0.037640147432678635	0.12912946541898204	0.5288035450516987	0.06342751059740066	0.0028605286190594593	0.4935995903737839	3.3281027208561676e+38	206.50000000000023
326	327	41	3.0	0.0031936714672375945	0.03638204547916969	0.019041778255989156	0.1406121423515912	0.5063649222065064	0.0529143352321805	0.0033638401316170474	0.39390243902439026	8.517351522982846e+37	194.16666666666697
327	328	30	3.0	0.0023738077886960923	0.01331187126737586	0.010656730473526457	-0.048760394741159674	0.4890710382513661	0.04503943601769076	0.002462311395009455	0.35402298850574715	2.667477026636305e+37	186.33333333333377
328	329	13	4.0	0.0003024508441150971	0.0004369613618070267	0.001402848224121276	-0.028483109797712583	0.41579558652729387	0.025888194133765113	0.0003624252657895124	0.5	4.622539585828982e+35	159.25000000000057
329	330	47	3.0	0.0031477662279792012	0.021502197766878166	0.01299773240866981	0.056566435744976135	0.5035161744022504	0.05584194313336805	0.0032004993923028273	0.3700277520814061	3.9683009000846284e+37	195.5000000000004
330	331	66	3.0	0.006375192143213641	0.03474108572289999	0.016984935924445343	0.14547382270253792	0.5327380952380952	0.06431834864580063	0.006341026736833159	0.3034965034965035	6.775850519127563e+37	208.33333333333354
331	332	26	3.0	0.0011636273688405943	0.0042883866729234174	0.005551563111816349	0.10162072493123143	0.4667535853976532	0.04131854340293544	0.0012139662652643605	0.3630769230769231	7.238855899133729e+36	179.1666666666674
332	333	59	3.0	0.004225512531314524	0.03961931176989244	0.01902879741914664	0.034662239562910376	0.5343283582089552	0.06180697488528372	0.004165757553859137	0.3722969023962595	8.504736284211215e+37	206.33333333333346
333	334	46	3.0	0.004019937992829066	0.04156618125105174	0.01996498717913545	-0.015075418059302575	0.5180897250361794	0.055800504056708444	0.0040934900031510835	0.3391304347826087	9.362965002305288e+37	198.5000000000002
334	335	93	3.0	0.003621196641851835	0.3154602270368711	0.06327295995570328	-0.01922102909169372	0.5620094191522763	0.07198690814751847	0.0035106385166668633	0.5081813931743806	9.403787308134614e+38	223.1666666666668
335	336	98	3.0	0.004231288451667277	0.42703835073974017	0.07718720795659152	0.03235549907184743	0.5611285266457681	0.0729849035549316	0.004083109042377408	0.5710077845571219	1.399502558088653e+39	224.66666666666686
336	337	38	3.0	0.001722806234171422	0.019310050237572617	0.01319994400144521	0.06897696388527005	0.5028089887640449	0.05098703767138711	0.001773442064230049	0.39544807965860596	4.0925319341950553e+37	192.33333333333366
337	338	110	3.0	0.006816953369549407	0.412899944198331	0.07473548453805912	0.03995425424054529	0.5821138211382114	0.07529000277486252	0.00669599478749396	0.48206839032527105	1.311965683748554e+39	232.50000000000009
338	339	21	3.0	0.0006675651407999201	0.002469384025683941	0.004005756661156189	0.11055290541876377	0.46553966189856955	0.03615000873392963	0.0007270535666165766	0.40476190476190477	3.7689334132155723e+36	177.16666666666737
339	340	32	3.0	0.002045759694767816	0.002759080843110001	0.0035095679764866558	-0.028329427751092946	0.47354497354497355	0.045985964721020525	0.0022788626026831204	0.40524193548387094	2.893093991198455e+36	183.00000000000068
340	341	33	3.0	0.0018852097007930229	0.016614353168153566	0.011819296347266372	-0.0069273795431099095	0.4924346629986245	0.04724458491371216	0.0018898395494428885	0.3731060606060606	3.2814160391521323e+37	188.16666666666708
341	342	23	3.0	0.001079381957680576	0.00197178646258829	0.0033064119980410352	-0.002781683514658168	0.463130659767141	0.03823597764826937	0.0012023897433480959	0.34782608695652173	2.5678915314381e+36	177.16666666666742
342	343	58	3.0	0.002493690617139698	0.09275344287649583	0.031746275542961375	0.12449495733104411	0.5295857988165681	0.0614919101485333	0.002551915644536109	0.49183303085299457	2.367479558652532e+38	205.00000000000017
343	344	61	3.0	0.0015334866263305336	0.16936010813955094	0.04457854475187413	-0.06540049107875778	0.50997150997151	0.06272191204948606	0.0015602187189605364	0.5956284153005464	4.6681077195943655e+38	201.6666666666671
344	345	77	3.0	0.003373711602082954	0.21767821444098132	0.050940001664006494	0.020981301255184003	0.5440729483282675	0.06797531296354456	0.003416741104752073	0.518796992481203	6.095535907199575e+38	214.3333333333335
345	346	14	3.0	0.0005188465863808094	0.0007928401263728101	0.0022349490827418533	-0.031670996733466066	0.44472049689440996	0.027349186260555613	0.0006322332992421285	0.3076923076923077	1.1732683344542467e+36	168.8333333333343
346	347	49	3.0	0.001066333616099738	0.10543794360396089	0.03441049366357515	0.024083249862525104	0.5121602288984263	0.05751224861302291	0.001107200632190132	0.5841836734693877	2.781366313441408e+38	198.16666666666697
347	348	94	3.0	0.0015428803120503447	0.39621383744724425	0.07371232797818185	0.07247918602647767	0.5541795665634675	0.07216487948453328	0.001512198430244659	0.5849919926790208	1.2763425268667049e+39	222.00000000000023
348	349	57	3.0	0.004497041077357795	0.12515911794639	0.03720812839291612	0.05962097900402011	0.521865889212828	0.0611278478671148	0.00463010892974931	0.47869674185463656	3.2520957046017197e+38	203.00000000000026
349	350	33	3.0	0.0013678295821911383	0.02525517170751858	0.01592275934199621	0.026828774905257324	0.4951590594744122	0.04758779052649231	0.001455727823375193	0.3977272727272727	5.955228886793208e+37	188.8333333333337
350	351	81	3.0	0.001353584944864234	0.2656432990725977	0.05749529674009664	0.04339545584266335	0.5391566265060241	0.0690432603147295	0.001334166362265142	0.6058641975308642	7.76533789051239e+38	214.66666666666694
351	352	118	3.0	0.002775164617434567	0.5373861850407772	0.09084276940904484	0.012535986264541608	0.5849673202614379	0.07651108597628936	0.002711997167281771	0.5455599014921049	1.9384683593864436e+39	235.6666666666668
352	353	104	3.0	0.001846301606838736	0.4465560056073126	0.07959924606626145	-0.01375119462021834	0.5691573926868044	0.07417737023137254	0.001787071881842432	0.5713218820014937	1.488300547992781e+39	228.16666666666683
353	354	137	3.0	0.002589111549108756	0.6765304207178979	0.10978269249697972	-0.021114541158384254	0.6016806722689075	0.07906973976446306	0.0024855733090632048	0.5626878488621726	2.8310425395009755e+39	244.83333333333348
354	355	89	3.0	0.0025738023469552653	0.33864789274455975	0.06637161830104574	-0.05025364622350993	0.5611285266457681	0.07111482606114498	0.0024816471747801097	0.541879468845761	1.034761908998127e+39	221.66666666666677
355	356	134	3.0	0.002496057530280294	0.6634208748003508	0.10790540079777217	0.03246057405364801	0.6016806722689075	0.07869611191080607	0.0024153030754442504	0.5681741667601841	2.7350596019824566e+39	243.83333333333346
356	357	138	3.0	0.0028224892127391116	0.676092168996234	0.10969305412262319	-0.01231738289442483	0.6047297297297297	0.0791907812841581	0.002700903963781845	0.5547445255474452	2.8264170310427624e+39	245.6666666666668
357	358	38	3.0	0.0008113536158317866	0.03435020174742648	0.01883632895685411	-0.02642600466964068	0.4837837837837838	0.05106602616902272	0.0008265237862136186	0.5903271692745377	8.334822784789754e+37	187.66666666666725
358	359	83	3.0	0.002387703052042342	0.28288202180078886	0.059615858154311446	-0.031893645542763756	0.5383458646616541	0.06960393895869085	0.0023482019868111665	0.5550984425506905	8.34861594437756e+38	215.16666666666697
