	ID	degree	betweenness	betweennessbct	eigenvector	eigenvectorbct	katz	closeness	load	clustering_coef	clustering_coefbct	pagerank	pagerank_d85bct	subgraph	subgraphbct	harmonic	strength
0	0	8	0.2542175460303571	32672.547450913553	1.230009639988203e-05	1.1005073867145011e-05	-0.002328283490636723	0.19524228024965368	0.2542714241980201	0.6785714285714286	0.6785714285714286	0.0017696818865227755	0.0017701475260862914	20338156183640.816	20338156184050.13	82.20952380952413	4.224726179869182
1	1	1	0.0	0.0	0.00023122744764775117	0.00023122744848007128	0.046708948937010976	0.11612692877444415	0.0	0.0	0.0	0.0007069494298999457	0.0007069690240797501	7636994346390098.0	7636994346389230.0	54.452777777777996	31.440100153000557
2	2	24	0.022185485165082137	2851.3229243866863	7.159239965774635e-06	2.4628007749349825e-07	-0.08056268519830526	0.1791477252536076	0.021342501257138317	0.75	0.75	0.003351159384220997	0.0033528233568504893	86600579422056.42	86600579422065.98	88.24166666666704	7.026199837253392
3	3	24	0.016112179850236753	2070.7695787121274	6.064551591000083e-06	2.4887135374847263e-07	-0.08236470347821152	0.178099055642367	0.016439176356307404	0.644927536231884	0.644927536231884	0.003600845462152078	0.0036025224825973383	61293299881780.98	61293299881786.42	87.57500000000039	2.418744139422641
4	4	23	0.0148052959665039	1902.8062482070145	5.938150815410521e-06	2.4819206914828327e-07	-0.07868836664670496	0.17775222203838967	0.015322389997147618	0.6600790513833992	0.6600790513833992	0.0034425719186550034	0.003444178539311081	58672236451652.58	58672236451663.27	86.9083333333337	0.8181935982495017
5	5	31	0.02996545489121011	3851.220193528106	8.684192936303873e-06	2.5455417326782563e-07	-0.10057246262226227	0.18056531358400216	0.028717606951389637	0.6645161290322581	0.6645161290322581	0.004327754844292054	0.004329916343974341	128765174396777.56	128765174396791.52	91.90833333333372	-4.296302375431155
6	6	0	0.0	0.0	8.954059486294207e-47	0.0	0.042674879836336235	0.0	0.0	0.0	0.0	0.0004963600264725347	0.0004963600264725347	1.0000000281698205	1.0	0.0	9.175870062552233
7	7	6	0.001959380724014291	251.82352941176467	4.736937741474666e-05	4.736937757926202e-05	0.09505707140675193	0.11561211655061825	0.0019601054034847467	0.6	0.6	0.0037469215641639025	0.003738637165206503	320508131096589.7	320508131098844.25	56.08611111111133	30.921105823684993
8	8	2	0.0	0.0	8.660170826862825e-08	1.1346562173246508e-10	0.05822660004645814	0.1169452479394146	0.0	1.0	1.0	0.001080360246939955	0.0010804939816156413	13553875080.931921	13553875080.932205	53.78336940836957	-20.52750074405675
9	9	30	9.050501621785864e-05	11.631885694351626	9.980595831880927e-06	3.20827247874715e-08	-0.049837619738207384	0.15929453057017992	9.63946364781923e-05	0.8643678160919541	0.8643678160919541	0.0038468663812420735	0.0038489570558400132	179335382322802.3	179335382322801.47	86.84206349206387	-5.529511353472565
10	10	1	0.0	0.0	4.3127003927234815e-08	6.27408207673939e-11	0.04772879460785446	0.11575873939976294	0.0	0.0	0.0	0.0007400898362909041	0.0007401622793599072	3360341281.7036185	3360341281.703492	51.28336940836954	-16.022519685176572
11	11	4	0.0	0.0	1.3216867068351277e-06	3.4858905678886117e-09	0.03302020840128874	0.13746350303721852	0.0	1.0	1.0	0.0009471111901774527	0.0009473931781533807	3148565017739.9663	3148565017739.9814	67.71507936507967	-2.40041499011345
12	12	7	0.0008348423180125124	107.29560439560413	1.0991833794950744e-06	2.2630972447753878e-07	0.003538864712341849	0.1629924393155591	0.0008361699457387332	0.8571428571428571	0.8571428571428571	0.0015202927126683238	0.0015207806685596805	1387865305334.983	1387865305324.0383	70.7821428571431	15.16283408597935
13	13	1	0.0	0.0	6.008967603136278e-39	4.374245934391412e-24	0.04741653315148472	0.0027855153203342623	0.0	0.0	0.0	0.0033090668431502318	0.0033090668431502318	1.5430806348152368	2.1322055246932967	1.0	22.53083584999028
14	14	0	0.0	0.0	8.954059486294207e-47	0.0	0.042674879836336235	0.0	0.0	0.0	0.0	0.0004963600264725347	0.0004963600264725347	0.9999999999999984	1.0	0.0	30.87424237179616
15	15	0	0.0	0.0	8.954059486294207e-47	0.0	0.042674879836336235	0.0	0.0	0.0	0.0	0.0004963600264725347	0.0004963600264725347	0.9999999999999988	1.0	0.0	7.686511160721379
16	16	0	0.0	0.0	8.954059486294207e-47	0.0	0.042674879836336235	0.0	0.0	0.0	0.0	0.0004963600264725347	0.0004963600264725347	0.9999999999999992	1.0	0.0	19.206719015019697
17	17	51	0.004365240247956322	561.0294071478427	1.4276198255251846e-05	5.813485809714358e-08	-0.06275402516187986	0.16794069184307836	0.004076714324256572	0.6125490196078431	0.6125490196078431	0.006439908056459866	0.006443404089738572	366294787993485.44	366294787993482.6	100.79206349206369	-13.048761197094436
18	18	1	0.0	0.0	1.5762539410485635e-35	1.8916754432788364e-29	0.04839419362883491	0.005013927576601671	0.0	0.0	0.0	0.0023155202232034637	0.0022954788011042148	1.6381924800586476	1.580090991772403	2.0	27.15750525362663
19	19	6	3.112307620485209e-06	0.4	6.705154030781782e-07	1.9324028119980206e-08	0.014537031661880778	0.14522794911171535	3.112307620485208e-06	0.9333333333333332	0.9333333333333332	0.0014076879724431667	0.0014081185299647855	768416533157.6471	768416533157.7906	65.46587301587299	2.53188260666097
20	20	43	0.1438344205491657	18485.887397819875	1.2660829845866907e-05	2.577274103825681e-07	-0.08826282814784903	0.1899599708984664	0.1451878954102543	0.6744186046511628	0.6744186046511628	0.005583337481323966	0.005586253545686981	278756316441679.38	278756316441686.9	101.27500000000019	-16.629348444615086
21	21	47	0.003469116065803408	445.8577350091857	1.368692236450758e-05	5.6453773040761304e-08	-0.0688589982227342	0.1673249606172559	0.003199904272255134	0.6688251618871416	0.6688251618871416	0.005886214404022904	0.0058894147400295905	336644430659350.94	336644430659347.75	98.79206349206369	-12.946949095132826
22	22	27	0.02065929713080152	2655.174185844872	8.009970141965686e-06	2.5271827476249534e-07	-0.10443623626626028	0.17967670475730926	0.020397614516914263	0.7663817663817664	0.7663817663817664	0.0036992830449182014	0.00370116253957873	109043904498127.08	109043904498137.16	89.74166666666704	1.6194855220863997
23	23	24	7.968843063050303e-05	10.24171648149351	7.69785701657203e-06	1.7870442806137382e-08	0.010432227946767859	0.14162260049140898	8.564625217731028e-05	0.8514492753623188	0.8514492753623188	0.003204326607276922	0.003205994265143113	106873585795038.0	106873585795037.34	80.2650793650792	0.7228589074646264
24	24	18	0.0001478585491862537	19.003076458515693	5.338164424056104e-06	1.1907829235442769e-08	0.041921563952924484	0.13988623144323847	0.0001570009862681616	0.7843137254901961	0.7843137254901961	0.002628107083334468	0.0026293728680568517	51403609418440.27	51403609418439.74	75.88174603174599	-3.368291200772717
25	25	1	0.0	0.0	7.202562854987187e-09	9.367349163441923e-12	0.04757563172792075	0.1149568841520316	0.0	0.0	0.0	0.0012101825456935947	0.001210127841243124	93754704.25689802	93754704.25690182	49.09289321789336	11.31730013257204
26	26	1	0.0	0.0	2.3279183943095362e-10	1.9819726425024772e-13	0.05505805902968397	0.10198409610805932	0.0	0.0	0.0	0.001138426651578838	0.0011370605622045755	98029.51933867477	98029.81138120816	44.32113997114025	19.742254645359587
27	27	0	0.0	0.0	8.954059486294207e-47	0.0	0.042674879836336235	0.0	0.0	0.0	0.0	0.0004963600264725347	0.0004963600264725347	0.9999999999999998	1.0	0.0	4.364567747001887
28	28	0	0.0	0.0	8.954059486294207e-47	0.0	0.042674879836336235	0.0	0.0	0.0	0.0	0.0004963600264725347	0.0004963600264725347	0.9999999999999994	1.0	0.0	15.21448022603079
29	29	8	0.00014887204784654252	19.133333333333333	1.6277616777027618e-08	2.0326719135945546e-11	0.1344680523213629	0.11853995586586115	0.00014757525300467363	0.5357142857142857	0.5357142857142857	0.004880671960834609	0.004870607474885446	478900957.42215335	478900957.42183393	56.65955988456005	-9.698466898200028
30	30	1	0.0	0.0	6.146524436131852e-12	3.656292821026826e-15	0.048581246182102765	0.08935464123026246	0.0	0.0	0.0	0.001525143383151319	0.0015236649335836096	69.98226129889852	69.95791328904612	37.21674991675012	13.291075191737793
31	31	1	0.0	0.0	6.008967603136278e-39	3.851816031932748e-46	0.04741653315148472	0.0027855153203342623	0.0	0.0	0.0	0.0033090668431502318	0.0033090668431502318	1.5430806348152435	1.394368915299888	1.0	22.658767025392017
32	32	5	8.040128019586788e-05	10.333333333333332	8.597910713288726e-09	1.0556011385469065e-11	0.10658524381733676	0.1183094828473274	7.629476319661657e-05	0.7	0.7	0.0032523960409068108	0.0032459231074932573	133619013.39543188	133619013.37096325	55.07622655122673	-8.912576309623061
33	33	7	0.0019812431594072094	254.63333333333333	8.847776364037847e-09	1.0764563627803566e-11	0.12323100533558218	0.1183094828473274	0.0019851335439328164	0.5714285714285714	0.5714285714285714	0.0044325358107118245	0.0044233424476345	141501283.07043397	141501283.07028392	55.82622655122673	2.15651005480116
34	34	3	6.328358828319924e-05	8.133333333333333	4.784497098335594e-10	4.039511531234048e-13	0.0731299909604163	0.10198409610805932	7.00269214609172e-05	0.3333333333333333	0.3333333333333333	0.002435062699670243	0.002430950408872332	414092.67037690704	414092.67037486564	45.387806637806904	3.943388383885573
35	35	44	0.0005905953352047875	75.9044936711897	0.09590664918677824	0.0959066495192493	-0.014073340942824449	0.1624123950475322	0.0007601672673153032	0.7938689217758985	0.7938689217758985	0.003989062472203567	0.003989859768135057	1.3138359278133505e+21	1.3138359278135185e+21	100.58293650793648	31.07698593378509
36	36	17	0.00015862285500663244	20.38652657116242	0.03745551828987742	0.03745551841700594	0.01340924823215391	0.1568312130871359	0.00031965904402944504	0.8602941176470589	0.8602941176470589	0.001865599677656518	0.0018658916064726797	2.003896654414704e+20	2.0038966544149545e+20	85.08293650793667	34.79851470447991
37	37	8	0.0007820563302418534	100.51144367534347	1.7329283549667415e-06	1.3073026419713543e-08	0.002635340185728865	0.15314725841730384	0.000973973874424352	0.6071428571428571	0.6071428571428571	0.0015252529096675526	0.001525806028939648	5359633398413.599	5359633398413.682	72.42539682539682	26.011990676291983
38	38	5	9.336922861455625e-06	1.2	4.7454454726423653e-05	4.745445489119525e-05	0.09126131810523458	0.11568538151674662	1.0003845922988167e-05	0.9	0.9	0.0030489823525920593	0.003042248329740261	321660456032303.0	321660456032305.6	55.83611111111133	30.81924581037898
39	39	62	0.007016953763961447	901.8329316518527	0.12767705265864604	0.12767705309759786	-0.005687069343127382	0.16717173263134266	0.006549667039272271	0.6689582231623481	0.6689582231623481	0.005803508670867629	0.005804594654140735	2.328463291929012e+21	2.3284632919293092e+21	111.21626984126979	26.089882653755453
40	40	8	0.004363538066853829	560.8106394281879	0.013264387643843668	0.013264387686446806	0.06065861356541188	0.15457369350840489	0.004677452432713919	0.7142857142857143	0.7142857142857143	0.001643538489508683	0.0016429240898552734	2.513148253312396e+19	2.5131482533127107e+19	79.04960317460328	31.275344541453457
41	41	31	0.002684512702979741	345.0189416123622	9.281803688101224e-06	4.391640250438553e-08	-0.0781197525144731	0.15957301751173614	0.002474305472302484	0.7354838709677419	0.7354838709677419	0.0041086638363515855	0.004110828360052754	154630573177683.03	154630573177683.38	87.59206349206387	5.398065560403431
42	42	49	0.019514834018336327	2508.085497704621	0.10488089340826927	0.10488089373076193	0.01574792661302589	0.18627707350349607	0.017634973275437067	0.7346938775510204	0.7346938775510204	0.00502482049377745	0.005025482042762417	1.571218030649034e+21	1.5712180306492305e+21	108.28928571428585	33.429164972652146
43	43	38	0.0010011288918376864	128.6670874367631	1.1474198672680694e-05	4.8749012160538286e-08	-0.07030802321016705	0.16126460426981112	0.0009476115901472156	0.7283072546230441	0.7283072546230441	0.0048720200869842535	0.004874680047654358	236535592259414.0	236535592259413.4	91.84206349206387	2.2659936865836725
44	44	1	0.0	0.0	6.008967603136278e-39	0.0	0.04741653315148472	0.0027855153203342623	0.0	0.0	0.0	0.0033090668431502318	0.0033090668431502318	1.5430806348152435	1.4832919301218206	1.0	36.362193600193436
45	45	1	0.0	0.0	6.008967603136278e-39	0.0	0.04741653315148472	0.0027855153203342623	0.0	0.0	0.0	0.0033090668431502318	0.0033090668431502318	1.5430806348152442	1.2308817532516327	1.0	33.429694190354866
46	46	32	0.00045067599290864885	57.921779960605384	9.870023409277147e-06	5.016289320498606e-08	-0.10674066396903087	0.1598524798891648	0.0004181541045944483	0.7983870967741935	0.7983870967741935	0.004128649133329486	0.004130890472321961	174727315864095.4	174727315864096.22	88.1753968253972	-1.9167934868842114
47	47	0	0.0	0.0	8.954059486294207e-47	0.0	0.042674879836336235	0.0	0.0	0.0	0.0	0.0004963600264725347	0.0004963600264725347	1.0	1.0	0.0	23.510151517188454
48	48	0	0.0	0.0	8.954059486294207e-47	0.0	0.042674879836336235	0.0	0.0	0.0	0.0	0.0004963600264725347	0.0004963600264725347	1.0000000000000004	1.0	0.0	7.253058774109935
49	49	1	0.0	0.0	6.008967603136278e-39	0.0	0.04741653315148472	0.0027855153203342623	0.0	0.0	0.0	0.0033090668431502318	0.0033090668431502318	1.5430806348152442	1.2308817532516323	1.0	28.764280027002453
50	50	3	0.0	0.0	4.558898488922768e-05	4.5588985047363595e-05	0.07277893516927132	0.11539287739154627	0.0	1.0	1.0	0.0020126457240538273	0.002008575680942005	296868106473099.4	296868106473162.06	54.58611111111133	24.84931641565039
51	51	8	0.030217960301778275	3883.6726939051478	0.002334926017570568	0.0023349260254959645	0.10242072767453804	0.1372567910025761	0.029898895807831886	0.42857142857142855	0.42857142857142855	0.0043811582295593616	0.0043715718225094055	7.787354532049368e+17	7.787354532050359e+17	73.23870851370872	34.80497683692529
52	52	55	0.007090955155374983	911.3437384791036	1.4873842470783045e-05	5.84899097445338e-08	-0.03814600863699346	0.1687167578867155	0.00655407014743022	0.564983164983165	0.564983164983165	0.006986337256635991	0.006990102854015371	397716665246763.9	397716665246759.7	102.95873015873038	-8.956267869713713
53	53	0	0.0	0.0	8.954059486294207e-47	0.0	0.042674879836336235	0.0	0.0	0.0	0.0	0.0004963600264725347	0.0004963600264725347	1.0000000000000004	1.0	0.0	7.382445683200993
54	54	1	0.0	0.0	2.983780299256844e-07	5.302737951158436e-10	0.04664141726754181	0.1342290676716369	0.0	0.0	0.0	0.0006176716049471813	0.0006177412437265112	160745212753.62946	160745212753.62686	61.91507936507959	-0.47231601055077843
55	55	11	7.5496285155009885e-06	0.970293356069218	0.02508823756063637	0.02508823764591469	0.0081793344466445	0.1556279045468254	7.545160523191551e-06	0.9090909090909092	0.9090909090909092	0.001334137513774161	0.001334305310606162	8.99050330350086e+19	8.990503303502001e+19	81.33293650793667	16.801350338535475
56	56	3	3.112307620485209e-05	4.0	1.1321796266355114e-33	0.0	0.05830437084413333	0.008356545961002786	3.112307620485209e-05	0.3333333333333333	0.3333333333333333	0.004854179938548373	0.004854213992522842	3.4921487880492004	3.4921487880491706	3.0	28.19876480507336
57	57	2	0.0	0.0	9.67603369112356e-34	0.0	0.053894796578610654	0.00626740947075209	0.0	1.0	1.0	0.003255175599577081	0.003255166361195374	2.7829804022103906	2.9078557208360283	2.5	25.658683116680443
58	58	2	0.0	0.0	9.67603369112356e-34	0.0	0.053894796578610654	0.00626740947075209	0.0	1.0	1.0	0.003255175599577081	0.0032551663611953747	2.782980402210394	2.9078557208360287	2.5	23.66077792457826
59	59	1	0.0	0.0	0.001967156153889996	0.0019671561597992115	0.044249672497638816	0.14781500569508196	0.0	0.0	0.0	0.0005835229898367428	0.0005835367557857605	5.52740604940352e+17	5.527406049404234e+17	69.0662698412699	30.752223274277924
60	60	1	0.0	0.0	5.428067644524238e-12	3.365568588908875e-15	0.04881694381252761	0.08848838198421048	0.0	0.0	0.0	0.0014213213384567398	0.0014200385753465985	54.99785923549906	54.997859235824826	36.43817848817868	14.416238750625043
61	61	0	0.0	0.0	8.954059486294207e-47	0.0	0.042674879836336235	0.0	0.0	0.0	0.0	0.0004963600264725347	0.0004963600264725347	0.9999999999999992	1.0	0.0	24.881813959139834
62	62	53	0.0032966675759634164	423.69431019797025	0.12017872763802237	0.12017872804263348	-0.04453332887567163	0.16490653300219166	0.003112057061681201	0.7946298984034833	0.7946298984034833	0.004794567872040783	0.00479546261632875	2.062998449829609e+21	2.06299844982987e+21	105.79960317460312	20.103395471535027
63	63	3	0.003968192216118641	510.0	2.0089650934791717e-10	1.7944020786418772e-13	0.06142063976191369	0.10096876771760298	0.003968192216118641	0.3333333333333333	0.3333333333333333	0.003263784142631755	0.003260041937202577	73003.30086080146	73003.30086082593	43.80209235209263	4.855345981157139
64	64	4	0.0020022512358454847	257.33333333333337	2.064974955791728e-10	1.8287666959331527e-13	0.07127668284324314	0.10113658284400344	0.0019996576461617467	0.5	0.5	0.00354290193565505	0.003537781897565879	77135.35713860637	77135.35713861449	44.63542568542597	-9.739148782531425
65	65	0	0.0	0.0	8.954059486294207e-47	0.0	0.042674879836336235	0.0	0.0	0.0	0.0	0.0004963600264725347	0.0004963600264725347	1.0000000000000009	1.0	0.0	1.4576520076614234
66	66	3	0.0018362614960862726	236.0	2.743559682348573e-07	5.092148806522339e-10	0.07290571587052742	0.13882245782009595	0.0018362614960862726	0.6666666666666666	0.6666666666666666	0.0016814839708807847	0.0016789964607659715	135882830639.09215	135882830639.08763	66.14841269841297	-3.0904265638984274
67	67	34	0.11289832700614025	14509.918783483157	9.8672131982241e-06	2.661821640286043e-08	0.015750759067167608	0.16902919632724647	0.11338059501321993	0.6613190730837789	0.6613190730837789	0.006180037172371289	0.006179399611358421	175465702533183.12	175465702533181.62	94.67539682539702	-12.28179466134432
68	68	1	0.0	0.0	0.002356435649059825	0.002356435657190509	0.037751983482300674	0.1344267540746879	0.0	0.0	0.0	0.0005753331746086196	0.0005753509867475801	7.931491567607337e+17	7.93149156760834e+17	67.18870851370872	18.122209815393422
69	69	2	0.003968192216118641	510.0	2.666517649821199e-07	4.994295253673387e-10	0.04900751891584506	0.1369478859965688	0.003968192216118641	0.0	0.0	0.0016795274770928298	0.0016794536818131507	128354162519.4118	128354162519.4097	63.63174603174628	1.5101524843470895
70	70	5	0.03102192620718632	3987.0000000000014	7.224598672789112e-09	9.380946528719161e-12	0.07517822122399524	0.11732103601119935	0.03102192620718632	0.3	0.3	0.004320385643680707	0.00431459544807312	94329656.391321	94329656.39131668	53.62622655122675	-7.235377298161582
71	71	0	0.0	0.0	8.954059486294207e-47	0.0	0.042674879836336235	0.0	0.0	0.0	0.0	0.0004963600264725347	0.0004963600264725347	1.0000000000000002	1.0	0.0	3.674980862463589
72	72	2	0.003968192216118641	510.0	7.464474649571601e-09	9.583171667805398e-12	0.06277911385384646	0.11777518195704915	0.003968192216118641	0.0	0.0	0.002239528005084904	0.002237049626265498	100700586.95317678	100700586.95314628	53.07622655122673	-14.101910919200288
73	73	55	0.004360016658888495	560.3580610336671	0.12563571818004018	0.12563571860527947	-0.04922896354035567	0.16550456213365927	0.004344568830198411	0.8006734006734006	0.8006734006734006	0.005110239748225054	0.005111179782502931	2.2546023305652077e+21	2.2546023305654897e+21	107.04960317460312	19.41852450523439
74	74	34	4.841649079321971e-05	6.222584229726182	0.0808977944291622	0.08089779470258289	-0.04744389121536465	0.1598524798891648	4.9602605371647705e-05	0.9055258467023172	0.9055258467023172	0.003070680077029902	0.003071274297054517	9.347964637699463e+20	9.347964637700631e+20	94.4162698412698	10.145181533311336
75	75	0	0.0	0.0	8.954059486294207e-47	0.0	0.042674879836336235	0.0	0.0	0.0	0.0	0.0004963600264725347	0.0004963600264725347	1.0000000000000002	1.0	0.0	-0.7806501718175716
76	76	5	0.009795988235477194	1259.0	2.0138391465402372e-10	1.7964333808379424e-13	0.07710587918672906	0.10119264525134487	0.009795988235477194	0.5	0.5	0.0043081420539096684	0.0043015980631527905	73364.60034290403	73364.60034296426	45.13542568542597	-20.65540218024526
77	77	10	0.0004352203425438516	55.9353888644209	3.349937264390103e-06	1.174569557925402e-08	0.025057309803336838	0.1553630059858946	0.0005930593709293994	0.8666666666666667	0.8666666666666667	0.0017291149933051618	0.0017298173792905846	20191668601502.52	20191668601502.38	75.54206349206359	-11.23268831051544
78	78	0	0.0	0.0	8.954059486294207e-47	0.0	0.042674879836336235	0.0	0.0	0.0	0.0	0.0004963600264725347	0.0004963600264725347	1.0	1.0	0.0	23.96103984044298
79	79	6	0.003969748369928885	510.19999999999993	1.5967473805890447e-06	3.3450895960074585e-09	0.05053914771518222	0.13808739185584432	0.003969748369928885	0.6	0.6	0.0017205321632568216	0.0017209570792049824	4600449835615.498	4600449835615.432	68.96507936507967	-13.380335170267738
80	80	14	1.2449230481940835e-06	0.16	5.043545278336004e-06	1.2383563291742286e-08	-0.009100860279093093	0.14020854994886806	1.2449230481940846e-06	0.978021978021978	0.978021978021978	0.002036484364401622	0.002037451954099132	45865489758390.5	45865489758390.21	74.76507936507936	-5.87412837012949
81	81	0	0.0	0.0	8.954059486294207e-47	0.0	0.042674879836336235	0.0	0.0	0.0	0.0	0.0004963600264725347	0.0004963600264725347	1.0000000000000004	1.0	0.0	14.036393701078861
82	82	2	0.0	0.0	0.0037163558219953452	0.0037163558347322063	0.0355332844291505	0.13452581579471348	0.0	1.0	1.0	0.0006563340442978943	0.0006563688785589866	1.972778271160158e+18	1.9727782711604152e+18	67.68870851370872	11.035642366650977
83	83	2	0.0	0.0	0.0043377152669217866	0.0043377152819976394	0.03580680051445132	0.1368452264118637	0.0	1.0	1.0	0.0006511582301808121	0.0006511941050994	2.6876071033016177e+18	2.687607103301965e+18	70.82204184704206	27.71339847559682
84	84	1	0.0	0.0	4.7739724275162456e-36	0.0	0.047949303186894665	0.004178272980501393	0.0	0.0	0.0	0.0023221521746464024	0.002322152170631741	1.5906097564064632	1.59060975640646	1.8333333333333333	11.064845436445395
85	85	0	0.0	0.0	8.954059486294207e-47	0.0	0.042674879836336235	0.0	0.0	0.0	0.0	0.0004963600264725347	0.0004963600264725347	0.9999999999999996	1.0	0.0	8.43856395875482
86	86	2	0.034593299201693094	4446.0	2.6665236042312695e-07	4.994297802048322e-10	0.051767777865452544	0.13861164163509962	0.034593299201693094	0.0	0.0	0.0013855197156025386	0.0013843262429289256	128354736586.96715	128354736586.96506	65.1650793650796	-6.920500453629783
87	87	3	0.0005029011887269242	64.63386657756175	4.7333571216333457e-07	9.493610160268196e-10	0.0580936801450043	0.13746350303721852	0.000761265550719368	0.6666666666666666	0.6666666666666666	0.001240578678201421	0.0012407829763171733	404337567503.8562	404337567503.8543	67.048412698413	-21.31912152837641
88	88	4	2.5935896837376737e-05	3.333333333333333	1.1339902569354614e-11	6.93318258540334e-15	0.0702714954390931	0.08883286230337041	2.7232691679245576e-05	0.6666666666666666	0.6666666666666666	0.0035512319952706157	0.003545887429044401	241.02667974273774	241.02667974468255	38.604845154845364	-11.522656086650043
89	89	3	1.5561538102426044e-05	2.0	1.1430893854274607e-07	1.5024873584465302e-10	0.06455224148027773	0.11724568531369695	1.5561538102426044e-05	0.6666666666666666	0.6666666666666666	0.0014212270235384392	0.00142142914938733	23613876356.1178	23613876356.118145	54.70003607503623	-21.01358095238773
90	90	1	0.0	0.0	4.7739724275162456e-36	0.0	0.047949303186894665	0.004178272980501393	0.0	0.0	0.0	0.002322152174646402	0.002322152170631741	1.5906097564064638	1.5906097564064618	1.8333333333333333	11.18276477757658
91	91	32	0.0008936928356890825	114.85919062843223	0.07249627205987598	0.0724962723101591	0.013836702001082156	0.1598524798891648	0.0009712059052084496	0.8407258064516129	0.8407258064516129	0.0030827747619165896	0.003083354741595782	7.50714920437881e+20	7.507149204379759e+20	93.6662698412698	15.83949204747611
92	92	0	0.0	0.0	8.954059486294207e-47	0.0	0.042674879836336235	0.0	0.0	0.0	0.0	0.0004963600264725347	0.0004963600264725347	1.0000000000000004	1.0	0.0	-5.032418411929759
93	93	67	0.0016657336883159652	214.08342508974445	0.14459160438905969	0.14459160487970282	-0.0396100016226698	0.16794069184307836	0.001492352332583331	0.7141564902758932	0.7141564902758932	0.005725031619531282	0.0057261858391622214	2.986275364874068e+21	2.9862753648744475e+21	113.71626984126979	16.04661681227578
94	94	2	0.006277840737242618	806.8406472318959	3.392562191880217e-07	1.0225898408174542e-09	0.039918241193586085	0.1359281697940627	0.005958069773073602	0.0	0.0	0.0014416930543511793	0.0014410219512777356	207292294368.9614	207292294368.96368	64.34841269841293	12.114396893170158
95	95	41	0.0019023353082657825	244.49193848893486	1.2558864667433356e-05	4.188109597213376e-08	-0.06013723572202274	0.16625822589565226	0.002025724754048782	0.7451219512195122	0.7451219512195122	0.005263821542019341	0.00526659731957213	283889298556504.2	283889298556502.56	95.62539682539705	-6.074549756671446
96	96	36	0.000868727282451795	111.65056779526958	1.1496611968310335e-05	3.988545312757595e-08	-0.06746772254303526	0.165354648581002	0.0008665988815800791	0.8142857142857143	0.8142857142857143	0.004610151903081698	0.004612574762793713	237832270100101.88	237832270100100.72	92.95873015873043	0.0804414058773486
97	97	42	0.0016568622616345105	212.9432515897906	1.258857405860209e-05	3.628118976022013e-08	-0.0139794180112341	0.16640978307513782	0.0018032663073017441	0.7154471544715447	0.7154471544715447	0.005295874505617058	0.005298711236538207	285493146600580.2	285493146600577.6	96.12539682539705	-13.674131355608468
98	98	57	0.0013224386611816706	169.96246161239068	0.12617852907556162	0.1261785294998569	-0.046324947697507515	0.16550456213365927	0.0012644937268323786	0.7631578947368421	0.7631578947368421	0.004986110330359552	0.004987066300231493	2.2741264992207886e+21	2.2741264992210767e+21	107.79960317460312	18.143623740366714
99	99	71	0.004044314102679922	519.7833371046289	0.14758578891559718	0.14758578941620185	-0.031188659299415236	0.16856097140667234	0.0038065143212792454	0.6587525150905432	0.6587525150905432	0.006189040027635247	0.006190262837131124	3.111234747255264e+21	3.1112347472556626e+21	115.71626984126979	19.22890157093679
100	100	66	0.0014419893434331693	185.3273543967178	0.1428220304997377	0.14282203098587226	-0.04217029784351562	0.16763226082040972	0.0013523828088559415	0.7184149184149184	0.7184149184149184	0.0056299846846553795	0.005631125765562896	2.9136280166049844e+21	2.913628016605353e+21	113.04960317460312	16.893470255388486
101	101	52	0.0011506050619898693	147.87806377706198	0.1100582694479792	0.11005826982938284	-0.026538678366738608	0.1635766416070127	0.0016435719033349365	0.7383107088989442	0.7383107088989442	0.00467689588015503	0.004677843490484085	1.7301711167417452e+21	1.7301711167419667e+21	104.66626984126982	12.777964645574391
102	102	54	0.005520663140340991	709.5266681229048	1.4856255424487826e-05	5.405509414512783e-08	-0.021560870252610245	0.16856097140667234	0.004931475475622587	0.5870020964360587	0.5870020964360587	0.0067679163313579295	0.0067716156057122025	397010767604160.9	397010767604157.06	102.45873015873038	-12.546317104139366
103	103	0	0.0	0.0	8.954059486294207e-47	0.0	0.042674879836336235	0.0	0.0	0.0	0.0	0.0004963600264725347	0.0004963600264725347	1.0000000000000002	1.0	0.0	-2.0982842176648906
104	104	68	0.003594348727659472	461.9528871762506	0.14402221404291798	0.1440222145322107	-0.027101089507091208	0.1687167578867155	0.003376719911413534	0.6852502194907814	0.6852502194907814	0.0059619287481519284	0.005963101667226771	2.9628022395232075e+21	2.9628022395235913e+21	114.79960317460316	22.448469105420305
105	105	53	0.001158980651986115	148.9545113545595	0.11770807076002555	0.1177080711575077	-0.03829783829882311	0.16475770039117887	0.0011611216404301564	0.762699564586357	0.762699564586357	0.0046562638558204075	0.0046571575456028635	1.979047333660161e+21	1.9790473336604108e+21	105.5496031746031	25.23388001404867
106	106	57	0.011090576246940036	1425.3830404092275	1.5097685770347524e-05	5.01080794714296e-08	-0.0014561510501170179	0.16965755765188306	0.010370178770402937	0.5413533834586466	0.5413533834586466	0.007360289498643244	0.007364195510666555	410282357365601.2	410282357365597.5	104.62539682539708	-13.068350677860481
107	107	56	0.00323963922624018	416.3649126348405	0.12381171954538213	0.12381171996085635	-0.04454615357749527	0.16565474776172975	0.002949636794720344	0.7603896103896104	0.7603896103896104	0.005040852853833745	0.005041791725168104	2.1896122230730177e+21	2.1896122230732958e+21	107.54960317460312	20.927468681452357
108	108	0	0.0	0.0	8.954059486294207e-47	0.0	0.042674879836336235	0.0	0.0	0.0	0.0	0.0004963600264725347	0.0004963600264725347	1.0	1.0	0.0	29.29783200861292
109	109	0	0.0	0.0	8.954059486294207e-47	0.0	0.042674879836336235	0.0	0.0	0.0	0.0	0.0004963600264725347	0.0004963600264725347	1.0000000000000002	1.0	0.0	-1.047172191662817
110	110	33	0.001479553435247675	190.1551666049017	0.07796249166153124	0.07796249192438227	-0.026882625196185856	0.16155002834816476	0.0016768887610500447	0.8636363636363636	0.8636363636363636	0.003225706548229036	0.003226254293255988	8.681906800673291e+20	8.681906800674383e+20	95.21626984126976	20.21182230332205
111	111	53	0.008318839717585309	1069.1539181834994	0.11476260208181525	0.11476260247537552	-0.015793533244908353	0.16565474776172975	0.00796666881397801	0.7423802612481858	0.7423802612481858	0.004868474671152845	0.004869408823837834	1.8812411577775376e+21	1.8812411577777775e+21	106.54960317460312	25.34642780602582
112	112	66	0.00204431251522134	262.73913308127703	0.13947152308600305	0.13947152355618556	-0.038505525611939	0.16747846975543687	0.001986145109249589	0.6843822843822844	0.6843822843822844	0.005741358444853417	0.005742475807785146	2.778528049637385e+21	2.778528049637737e+21	112.88293650793646	23.721093986811653
113	113	63	0.0025411686249232784	326.59607401238947	0.13481621713733552	0.13481621759271356	-0.03695728752781948	0.16686611703238224	0.00236297084285018	0.7025089605734767	0.7025089605734767	0.0054814235313068605	0.005482495894687568	2.5961391837435223e+21	2.596139183743852e+21	111.21626984126979	22.740231042188938
114	114	66	0.0017261938192351346	221.85388203573794	0.14082266130839613	0.14082266178650713	-0.041386910190196094	0.1673249606172559	0.0016472868748530962	0.696969696969697	0.696969696969697	0.005673201700725861	0.0056743352961385355	2.8326231045810165e+21	2.832623104581377e+21	112.71626984126979	15.286717432195891
115	115	49	0.006447386600748193	828.6310207013593	1.3878101162893765e-05	5.673322905317392e-08	-0.04395175874594732	0.16747846975543687	0.005883329487692024	0.6309523809523809	0.6309523809523809	0.006262329542622099	0.00626569084436538	346140094179551.75	346140094179549.2	99.62539682539705	-10.520037607429497
116	116	3	0.0	0.0	1.052694441453645e-06	2.871849722887462e-09	0.02424800257106786	0.13705069972479444	0.0	1.0	1.0	0.0008362281123792557	0.0008364272693017582	1997015147144.7024	1997015147144.7275	66.59841269841299	13.543304341347428
117	117	1	0.0	0.0	7.999320615173808e-08	1.0660485263017086e-10	0.05152709620413955	0.11687037902268	0.0	0.0	0.0	0.0007260397883472955	0.0007261080718722959	11563710884.747528	11563710884.747656	53.28336940836956	-17.911741934814323
118	118	1	0.0	0.0	2.5325723698787754e-07	4.724636019170148e-10	0.04310467291043772	0.13334662675925946	0.0	0.0	0.0	0.0006192662017482192	0.0006193344415540155	115784710604.30605	115784710604.30333	60.46507936507957	4.192687282343719
119	119	0	0.0	0.0	8.954059486294207e-47	0.0	0.042674879836336235	0.0	0.0	0.0	0.0	0.0004963600264725347	0.0004963600264725347	1.0	1.0	0.0	0.0
120	120	1	0.0	0.0	1.0973487358073096e-05	1.097253854645669e-05	0.050806558274088434	0.15509900767495852	0.0	0.0	0.0	0.0008662236984678128	0.0008661937430490482	17197208902120.568	17197208902038.465	59.89761904761919	21.660823745439128
121	121	17	0.0033241027756522198	427.22033693237466	5.212214698699722e-06	1.2327645095455537e-08	0.02429504952762694	0.14385463517212466	0.0030046064388218373	0.7941176470588235	0.7941176470588235	0.002771197335595563	0.0027722896768286893	48993367066939.02	48993367066938.88	78.4650793650792	-16.948309255847942
122	122	45	0.006632381837091184	852.4069784666333	1.2719087521561768e-05	3.309649650143447e-08	0.003935474931744421	0.16717173263134266	0.007377937131614008	0.6323232323232323	0.6323232323232323	0.0060770554292208035	0.006080107521956162	291607242855247.4	291607242855245.94	97.95873015873038	-16.02126456005332
123	123	55	0.006940819772413397	892.0480387901148	1.496491678963692e-05	5.854679302462367e-08	-0.04090094896396949	0.1687167578867155	0.0064427334165455714	0.573063973063973	0.573063973063973	0.006935013075553075	0.006938784340957521	402618378809502.8	402618378809498.0	102.95873015873038	-13.452926917666915
124	124	38	0.0006598759278130277	84.80857399438592	0.08581446060106501	0.08581446089812322	-0.027285265065704927	0.1611222701089375	0.0012456992948779895	0.8321479374110953	0.8321479374110953	0.00358080003642571	0.003581489684529729	1.051876256997539e+21	1.0518762569976726e+21	97.1662698412698	22.848076039863717
125	125	1	0.0	0.0	6.008967603136278e-39	0.0	0.04741653315148472	0.0027855153203342623	0.0	0.0	0.0	0.0033090668431502318	0.0033090668431502318	1.5430806348152442	0.9930624261511992	1.0	13.636128427339276
126	126	8	1.6845508324484697e-05	2.165018420879422	1.9230120009455293e-06	3.275006018098177e-09	0.064302951839189	0.13767083863757631	1.8836144289578838e-05	0.6785714285714286	0.6785714285714286	0.001430061544328816	0.0014306227948847425	6677791300283.231	6677791300283.0625	69.13174603174635	5.51241653764719
127	127	17	5.230748000251672e-05	6.722661944883453	4.910785761307525e-06	1.018766366753428e-08	0.05278086413783747	0.13956539146286406	5.708803424820039e-05	0.8235294117647058	0.8235294117647058	0.002447669334985525	0.002448862307047844	43515862535345.17	43515862535344.52	75.04841269841269	-7.349365456331757
128	128	70	0.004054474216493575	521.0891352521875	0.14804005754093424	0.14804005804240356	-0.027535428238017398	0.16902919632724647	0.0036895795060883493	0.6824016563146998	0.6824016563146998	0.006114930658409539	0.006116134839115493	3.1304169661202165e+21	3.1304169661206165e+21	115.79960317460316	24.57358707894681
129	129	37	0.0032890788424236057	422.71899098596674	1.0990402007405749e-05	3.298330435195328e-08	-0.0025623665868902802	0.1659559382122056	0.0035083484725597484	0.7147147147147147	0.7147147147147147	0.004841136301733868	0.004843628879186711	217553511980426.8	217553511980425.03	93.95873015873043	-7.680062817957484
130	130	15	0.011688413142251762	1502.218233868481	2.9615335452339187e-06	5.68374430674271e-09	0.0885221636780331	0.1396721744708693	0.01109527060903786	0.3809523809523809	0.3809523809523809	0.0040533550724062214	0.0040543772717604905	15831210536544.074	15831210536543.756	74.46507936507939	-20.989781652466853
131	131	37	0.0009159111399724851	117.71473153154378	1.1556435392167155e-05	3.429029532799884e-08	-0.0256509420699868	0.16520500636509158	0.001016549560468679	0.7822822822822822	0.7822822822822822	0.004717136536695824	0.00471961654483885	240556035157023.5	240556035157021.3	93.12539682539713	-9.929974671722764
132	132	48	0.008129423375856577	1044.809751111839	1.3453725570735135e-05	3.4123710423380064e-08	0.020933352189197712	0.16794069184307836	0.008968161843605193	0.6205673758865248	0.6205673758865248	0.006456800188807075	0.006460070148228968	326308778616550.06	326308778616547.3	99.79206349206372	-14.65794907345151
133	133	5	0.0	0.0	1.8222381795051037e-06	8.280916059486654e-09	0.024716697690586518	0.15379236060103302	0.0	1.0	1.0	0.0010476299204035457	0.0010479787073324632	5962166353858.105	5962166353858.068	72.04206349206346	-20.115933994504907
134	134	0	0.0	0.0	8.954059486294207e-47	0.0	0.042674879836336235	0.0	0.0	0.0	0.0	0.0004963600264725347	0.0004963600264725347	0.9999999999999998	1.0	0.0	2.0025014034048114
135	135	0	0.0	0.0	8.954059486294207e-47	0.0	0.042674879836336235	0.0	0.0	0.0	0.0	0.0004963600264725347	0.0004963600264725347	1.0	1.0	0.0	9.873249768139686
136	136	0	0.0	0.0	8.954059486294207e-47	0.0	0.042674879836336235	0.0	0.0	0.0	0.0	0.0004963600264725347	0.0004963600264725347	0.9999999999999992	1.0	0.0	2.19379404046518
137	137	40	0.0018624959218040613	239.3717008621016	1.2227333413102093e-05	5.398563771349591e-08	-0.09410489065549976	0.16580520620656328	0.0017025735652735118	0.7487179487179487	0.7487179487179487	0.0050554262614446776	0.005058133964171764	268515899265861.03	268515899265859.28	94.79206349206378	-11.271382371465103
138	138	7	0.004010195321818026	515.3983231506963	0.012328122119982292	0.012328122162986059	0.040340691006747316	0.13861164163509962	0.00405227372911613	0.5238095238095238	0.5238095238095238	0.0017342965236134312	0.0017344270391182436	2.170888679022669e+19	2.170888679022944e+19	75.15537518037526	24.3754218350441
139	139	1	0.0	0.0	5.7164661281387535e-06	5.7164661257791865e-06	0.04830720382730845	0.11732103601119935	0.0	0.0	0.0	0.0012175188304325484	0.0012174448910162426	4667657314394.446	4667657314393.568	48.33156565656585	34.76374702419077
140	140	0	0.0	0.0	8.954059486294207e-47	0.0	0.042674879836336235	0.0	0.0	0.0	0.0	0.0004963600264725347	0.0004963600264725347	1.0	1.0	0.0	19.70565260147263
141	141	1	0.0	0.0	6.008967603136278e-39	0.0	0.04741653315148472	0.0027855153203342623	0.0	0.0	0.0	0.0033090668431502318	0.0033090668431502318	1.5430806348152442	0.7890807343325076	1.0	33.68109725123691
142	142	1	0.0	0.0	2.4192276831068585e-05	2.4192276918102216e-05	0.04767980913307642	0.11070438570856653	0.0	0.0	0.0	0.0011817578281630814	0.0011817387882835225	83598249821229.22	83598249821245.58	48.578968253968426	34.252221458191634
143	143	45	0.01684400197473469	2164.824821796852	1.2560184227693852e-05	5.450120719153488e-08	-0.08017977818471399	0.16671372788440747	0.01599118393918191	0.6212121212121212	0.6212121212121212	0.006466302589119831	0.0064689423447965525	283377103729210.94	283377103729208.7	97.37539682539702	-0.28066808114493513
144	144	2	0.00039681922161186414	51.0	4.750836071140884e-10	5.548060011763574e-13	0.059466878015176174	0.10348726305749784	0.00039681922161186414	0.0	0.0	0.0019465964490416128	0.0019445436148115831	408016.67460224655	408016.6746011953	46.20447330447359	18.38439332823388
145	145	0	0.0	0.0	8.954059486294207e-47	0.0	0.042674879836336235	0.0	0.0	0.0	0.0	0.0004963600264725347	0.0004963600264725347	1.0000000000000004	1.0	0.0	20.794125751036066
146	146	0	0.0	0.0	8.954059486294207e-47	0.0	0.042674879836336235	0.0	0.0	0.0	0.0	0.0004963600264725347	0.0004963600264725347	1.0	1.0	0.0	21.234546176645285
147	147	0	0.0	0.0	8.954059486294207e-47	0.0	0.042674879836336235	0.0	0.0	0.0	0.0	0.0004963600264725347	0.0004963600264725347	1.0000000000000004	1.0	0.0	26.941635685932365
148	148	1	0.0	0.0	2.016601912572444e-10	1.7974248417372215e-13	0.048952791221720894	0.10113658284400344	0.0	0.0	0.0	0.0014483927503861824	0.0014471061176353716	73557.12628887275	73557.12628876018	42.671139971140214	0.7337926665335076
149	149	29	2.6607128754285985e-05	3.4196014017583436	0.0686108380624533	0.06861083830031724	-0.02572545027965293	0.1581902357308719	5.43622365728513e-05	0.9482758620689656	0.9482758620689656	0.0026938516698915872	0.002694379367254987	6.724022323018363e+20	6.724022323019228e+20	90.9496031746032	21.515730718783622
150	150	11	0.06239107716526938	8018.626019434752	2.761445117878691e-07	5.107566142115357e-10	0.15208954895338125	0.14074906093556375	0.06270544481759742	0.3636363636363637	0.3636363636363637	0.006621193764965111	0.0066084039974492635	137662038284.07095	137662038284.06155	71.56507936507957	-12.5269140810181
151	151	0	0.0	0.0	8.954059486294207e-47	0.0	0.042674879836336235	0.0	0.0	0.0	0.0	0.0004963600264725347	0.0004963600264725347	0.9999999999999998	1.0	0.0	30.513863981035453
152	152	4	7.780769051213023e-05	10.0	5.13037601680241e-33	0.0	0.06336873107947841	0.011142061281337049	7.780769051213023e-05	0.16666666666666666	0.16666666666666666	0.006388140756523692	0.006388775964374431	4.3904551094452335	4.390455109445206	4.0	17.50229948925773
153	153	5	0.0	0.0	6.433788493993823e-07	1.5157489102227697e-08	0.014215316688031552	0.1451125055909588	0.0	1.0	1.0	0.0012158248349189726	0.001216184413963311	715145815039.9213	715145815040.0046	64.96587301587296	9.121451671972236
154	154	30	0.005133014783702176	659.705326030971	9.378370627008363e-06	2.5189869024187724e-08	0.0042979307410147645	0.16387031600846158	0.0052464240269998776	0.7724137931034483	0.7724137931034483	0.004338271542211415	0.004340273473464026	158514201526827.94	158514201526826.28	89.29206349206386	-4.825785413612193
155	155	0	0.0	0.0	8.954059486294207e-47	0.0	0.042674879836336235	0.0	0.0	0.0	0.0	0.0004963600264725347	0.0004963600264725347	1.0000000000000002	1.0	0.0	12.579761966580115
156	156	0	0.0	0.0	8.954059486294207e-47	0.0	0.042674879836336235	0.0	0.0	0.0	0.0	0.0004963600264725347	0.0004963600264725347	1.0000000000000004	1.0	0.0	14.768035619839205
157	157	13	0.0003041207766121925	39.08621045175221	2.6952744683813478e-06	3.719503784324874e-08	-0.03750713039774903	0.15431236858277786	0.0004906005249794638	0.7179487179487181	0.7179487179487181	0.002243382669881637	0.0022443080619458148	12802414587048.033	12802414587048.033	75.62539682539696	7.135313540846868
158	158	1	0.0	0.0	2.1897330113854973e-33	0.0	0.0490117529442841	0.006366892160764027	0.0	0.0	0.0	0.0018541712089231227	0.001853974918902101	1.7145165768164137	1.3764209667540392	2.5	15.939017993010419
159	159	1	0.0	0.0	2.1897330113854973e-33	0.0	0.04901175294428409	0.006366892160764027	0.0	0.0	0.0	0.0018541712089231227	0.001853974918902101	1.714516576816413	1.376420966754039	2.5	22.782347077884825
160	160	6	0.0019691829673778288	253.08333333333337	8.615827470942765e-09	1.0566713027155706e-11	0.11400844316849193	0.11838620754437496	0.0019632177111052326	0.6	0.6	0.003950808807674854	0.00394290837135735	134176835.7972362	134176835.7727605	55.65955988456005	4.090940523298048
161	161	1	0.0	0.0	6.008967603136278e-39	0.0	0.04741653315148472	0.0027855153203342623	0.0	0.0	0.0	0.0033090668431502318	0.0033090668431502318	1.543080634815245	2.720692256613642	1.0	8.58491528293085
162	162	0	0.0	0.0	8.954059486294207e-47	0.0	0.042674879836336235	0.0	0.0	0.0	0.0	0.0004963600264725347	0.0004963600264725347	1.0	1.0	0.0	-0.7135987084946576
163	163	1	0.0	0.0	2.1530924161630835e-08	2.5837589269034745e-11	0.049890657097974	0.11546586466377368	0.0	0.0	0.0	0.0008400596848105709	0.0008401259273643695	837976259.4230782	837976259.4231088	51.0500360750362	-16.51798586971286
164	164	0	0.0	0.0	8.954059486294207e-47	0.0	0.042674879836336235	0.0	0.0	0.0	0.0	0.0004963600264725347	0.0004963600264725347	1.0	1.0	0.0	-8.345962626461832
165	165	0	0.0	0.0	8.954059486294207e-47	0.0	0.042674879836336235	0.0	0.0	0.0	0.0	0.0004963600264725347	0.0004963600264725347	1.0000000000000004	1.0	0.0	-1.7477237844721922
166	166	2	0.0	0.0	5.309977983588049e-07	1.31879157302374e-09	0.04219549619203227	0.1365381690601542	0.0	1.0	1.0	0.0007360101779827318	0.0007361527840587178	508364256414.4631	508364256414.4616	65.54841269841297	3.135352237153694
167	167	40	0.00011767992686838037	15.124459560977984	0.09197872327106896	0.09197872358958982	-0.0460800838299744	0.16083835421447246	0.00018571652214659023	0.8692307692307693	0.8692307692307693	0.0035467924149979314	0.0035475157783342397	1.2084215241237062e+21	1.2084215241238593e+21	97.49960317460312	15.459693194579673
168	168	51	0.00022102042439023345	28.405986983481583	0.11744462861220292	0.11744462900413895	-0.03162029387467958	0.16460913618884235	0.00022262813294403398	0.8462745098039216	0.8462745098039216	0.004430043405789455	0.00443088413588861	1.9701986446320492e+21	1.9701986446322977e+21	104.79960317460312	20.919369333691098
169	169	0	0.0	0.0	8.954059486294207e-47	0.0	0.042674879836336235	0.0	0.0	0.0	0.0	0.0004963600264725347	0.0004963600264725347	0.9999999999999998	1.0	0.0	15.828139306240246
170	170	3	0.0	0.0	5.907285063047926e-12	3.5663109154348335e-15	0.0637917969987983	0.08874649102256985	0.0	1.0	1.0	0.00276840488082376	0.002764371315182016	69.28078780611918	69.30016235534542	37.938178488178686	-13.868680641175823
171	171	4	0.000115834309206167	14.887257087794993	2.446302831266841e-07	3.6578909975379637e-10	0.06699503842318585	0.12097517033361575	0.0002507718344907354	0.5	0.5	0.0016674329718548073	0.0016676983987922126	108111037952.75563	108111037952.75456	58.67622655122668	-26.630638501623775
172	172	53	0.006675579016986669	857.9587664211606	1.4471577016763501e-05	4.92100665679693e-08	-0.01755610169355672	0.16856097140667234	0.006162957892641293	0.5776487663280117	0.5776487663280117	0.006815547992527997	0.0068191755689328845	376897064523326.8	376897064523324.3	102.12539682539705	-18.67408706096057
173	173	50	0.009181675906439743	1180.0473508474488	1.3783111916926501e-05	5.690920121656836e-08	-0.059421320702436525	0.16794069184307836	0.008891722159226966	0.593469387755102	0.593469387755102	0.006561504386993882	0.006564923618496406	341389908721792.8	341389908721789.94	100.45873015873038	-4.030688376128724
174	174	46	0.005287006404727115	679.4966371483382	1.321677726688425e-05	3.837906809753271e-08	-0.021860731074754572	0.16778633458954612	0.0052690370808228465	0.6541062801932367	0.6541062801932367	0.005904298164802259	0.005907425466266719	314684112006622.25	314684112006619.5	98.95873015873042	-9.849017857104997
175	175	27	0.0003799800045742776	48.835790147895295	8.106214887217663e-06	1.8529144973772584e-08	0.025467239778931904	0.14217409036871198	0.00038009921918360785	0.7720797720797721	0.7720797720797721	0.0036935578978384326	0.003695429913509613	118521732001995.69	118521732001994.95	82.09841269841259	-9.249834189056305
176	176	46	0.0036504034882750658	469.15715712008796	1.3079080613382761e-05	3.2929482104852427e-08	0.018488139944570787	0.1673249606172559	0.004233850987295704	0.6454106280193237	0.6454106280193237	0.005905404848122996	0.005908532255343933	308399952580290.8	308399952580287.94	98.45873015873038	-20.064342532743225
177	177	53	0.010397123008885996	1336.259043348046	1.4453338003170307e-05	4.4782136861214695e-08	0.0011135979283696524	0.16887283259336372	0.009911126875709372	0.579100145137881	0.579100145137881	0.00697595486217319	0.006979579069347558	376175506329390.06	376175506329387.6	102.45873015873042	-21.808263267318228
178	178	2	0.0	0.0	0.0008890890879780334	0.0008890890912059569	0.052048359591024385	0.1184630318192253	0.0	1.0	1.0	0.0009059071208452012	0.0009059484681685297	1.12910481275887e+17	1.1291048127590048e+17	58.719444444444655	23.412610108956386
179	179	0	0.0	0.0	8.954059486294207e-47	0.0	0.042674879836336235	0.0	0.0	0.0	0.0	0.0004963600264725347	0.0004963600264725347	0.9999999999999998	1.0	0.0	39.56636264326243
180	180	5	0.2564697094660836	32962.0	0.0005850469483486727	0.0005850118423576685	0.08131678437752188	0.1979951540492692	0.2564697094660836	0.3	0.3	0.0021755764111953523	0.002175492450450079	4.888470854789178e+16	4.88847085478824e+16	80.04047619047644	20.626704773692797
181	181	11	0.000925529711188444	118.9509295413612	0.01967783612184281	0.019677836127810117	0.0750537567211951	0.17221842644662844	0.0012410906465348413	0.7818181818181819	0.7818181818181819	0.0016221789964698619	0.0016222746563526234	5.530932704371269e+19	5.530932704371984e+19	83.48928571428605	19.634145287412053
182	182	21	0.2379823850299297	30585.972088816627	0.027126586336665332	0.027126585405251938	0.1333320412488417	0.1995098710747827	0.21168502555559374	0.4571428571428571	0.4571428571428571	0.003810877616059703	0.003810824126969164	1.0510756013129736e+20	1.0510756013131044e+20	95.33809523809538	26.351209888752688
183	183	8	0.01810151398598537	2326.442780506811	0.003331583962451991	0.0033315829605533834	0.10992520556701878	0.18897674123543085	0.04437500576101625	0.5	0.5	0.0025612378785896963	0.0025610327439879914	1.585422289642649e+18	1.5854222896428595e+18	83.48809523809551	26.58311164936575
184	184	5	0.002572840966267773	330.66666666666674	0.0007103452002047399	0.0007103441940600251	0.09468352381254444	0.1753617022415237	0.002572840966267773	0.8	0.8	0.0019321198396300746	0.0019319540909176148	7.207445474604306e+16	7.207445474605088e+16	72.93809523809544	18.204670236624032
185	185	8	0.004576608316610672	588.1948540674367	0.006118947373264556	0.006118947305973901	0.0964496806136326	0.16778633458954612	0.0047559355485177965	0.4642857142857143	0.4642857142857143	0.0025201329193691624	0.002519978052294938	5.348070476711681e+18	5.348070476712349e+18	78.72261904761939	18.26899999375623
186	186	1	0.0	0.0	6.008967603136278e-39	0.0	0.04741653315148472	0.0027855153203342623	0.0	0.0	0.0	0.0033090668431502318	0.0033090668431502318	1.5430806348152426	1.5178425630629082	1.0	12.361098518894593
187	187	7	0.0020408423246985104	262.2931372549019	4.832682886980523e-05	4.8326829037696035e-05	0.1035627542480608	0.11583219037653945	0.002043285529770334	0.5714285714285714	0.5714285714285714	0.004276245048901917	0.00426667197976291	333595585545688.2	333595585545657.3	56.83611111111133	25.96978565033776
188	188	37	0.0005560407093696542	71.4634640496067	0.08519800155247112	0.0851980018465361	-0.00721288660977009	0.16069677115618505	0.0008104948891130942	0.8408408408408409	0.8408408408408409	0.003416081634248077	0.003416744285004726	1.0368179658318257e+21	1.0368179658319565e+21	96.4162698412698	7.11270662809758
189	189	64	0.0015111445709910765	194.21532255291518	0.137904284162205	0.13790428462754334	-0.019101697199876963	0.16763226082040972	0.0015096200010650106	0.7118055555555556	0.7118055555555556	0.0056107649596393895	0.0056118448599018975	2.716434357159159e+21	2.716434357159503e+21	112.29960317460312	30.34024714912964
190	190	0	0.0	0.0	8.954059486294207e-47	0.0	0.042674879836336235	0.0	0.0	0.0	0.0	0.0004963600264725347	0.0004963600264725347	0.9999999999999996	1.0	0.0	8.898733259686674
191	191	0	0.0	0.0	8.954059486294207e-47	0.0	0.042674879836336235	0.0	0.0	0.0	0.0	0.0004963600264725347	0.0004963600264725347	1.0	1.0	0.0	32.97453149194893
192	192	1	0.0	0.0	1.332774796918498e-05	1.3327745684429836e-05	0.052581152631842966	0.12873873909268418	0.0	0.0	0.0	0.0008680753544212054	0.0008680153340015737	25372139434934.05	25372139434935.19	52.309126984127005	25.37899862848536
193	193	1	0.0	0.0	6.008967603136278e-39	1.562043779100866e-25	0.04741653315148472	0.0027855153203342623	0.0	0.0	0.0	0.0033090668431502318	0.0033090668431502318	1.5430806348152426	2.1322055246932967	1.0	31.389419054169363
194	194	1	0.0	0.0	6.008967603136278e-39	0.0	0.04741653315148472	0.0027855153203342623	0.0	0.0	0.0	0.0033090668431502318	0.0033090668431502318	1.5430806348152388	0.7890807343325072	1.0	18.500390619249508
195	195	1	0.0	0.0	1.5762539410485635e-35	1.5174198852514846e-32	0.04839419362883491	0.005013927576601671	0.0	0.0	0.0	0.0023155202232034637	0.0022954788011042148	1.6381924800586458	1.7818778800381334	2.0	25.50562759479876
196	196	1	0.0	0.0	6.008967603136278e-39	0.0	0.04741653315148472	0.0027855153203342623	0.0	0.0	0.0	0.0033090668431502318	0.0033090668431502318	1.5430806348152433	1.6783211917437182	1.0	26.79306231645366
197	197	1	0.0	0.0	6.008967603136278e-39	0.0	0.04741653315148472	0.0027855153203342623	0.0	0.0	0.0	0.0033090668431502318	0.0033090668431502318	1.5430806348152428	1.5178425630629093	1.0	15.582317274509146
198	198	3	4.668461430727813e-05	6.0	2.7301519115267876e-35	8.090275545538151e-31	0.057193137924986724	0.008356545961002786	4.668461430727813e-05	0.0	0.0	0.0062897067029905355	0.006349830969288282	2.9145774401759392	2.91457744017596	3.0	29.287731761801577
199	199	0	0.0	0.0	8.954059486294207e-47	0.0	0.042674879836336235	0.0	0.0	0.0	0.0	0.0004963600264725347	0.0004963600264725347	0.9999999999999992	1.0	0.0	19.13367684621465
200	200	58	0.028347602722422743	3643.290597091215	0.12211275883093553	0.12211275918005116	0.01569786526459325	0.1874245708762076	0.04852953804951394	0.7150635208711433	0.7150635208711433	0.005503016422408222	0.005503836042082202	2.1299322238031409e+21	2.1299322238034096e+21	112.37261904761915	17.45790596384599
201	201	28	0.005666103619388184	728.218969371008	0.06431508813517567	0.06431508831614109	0.03449271553704955	0.18020881740713346	0.004812611588924483	0.8677248677248677	0.8677248677248677	0.002890990743389621	0.0028913673110253888	5.908393830116258e+20	5.908393830117e+20	95.87261904761914	18.963884676035555
202	202	54	0.0161532727645933	2076.050922251061	0.12082724190304163	0.12082724227731095	4.627823366528671e-05	0.18781021814138502	0.013900163627363793	0.793151642208246	0.793151642208246	0.004806550753157108	0.004807404170405725	2.0853234262927865e+21	2.0853234262930492e+21	111.20595238095251	27.943013784290454
203	203	62	0.02556204960442905	3285.285739260431	0.1336951357736649	0.13369513619314338	0.012423082986814415	0.1895654538249493	0.023209874983679653	0.7202538339502909	0.7202538339502909	0.00548279616186954	0.005483795391023445	2.553141654897814e+21	2.553141654898134e+21	115.3726190476192	24.828949256845046
204	204	28	7.461798418405559e-05	9.590052563303193	0.0679201369316527	0.06792013715713799	0.020168280116089714	0.15999257846926046	7.563313465898619e-05	0.925925925925926	0.925925925925926	0.0026586569786053514	0.0026591071261923053	6.589323108506356e+20	6.589323108507189e+20	91.79960317460312	21.706039827805157
205	205	0	0.0	0.0	8.954059486294207e-47	0.0	0.042674879836336235	0.0	0.0	0.0	0.0	0.0004963600264725347	0.0004963600264725347	1.0000000000000002	1.0	0.0	20.639641356298245
206	206	1	0.0	0.0	2.3279183943095362e-10	1.9819726425024772e-13	0.05505805902968397	0.10198409610805932	0.0	0.0	0.0	0.001138426651578838	0.0011370605622045755	98029.5193386702	98029.81138120816	44.32113997114025	8.002694552844037
207	207	31	0.0012677208225470547	162.93001555539254	9.273668141310852e-06	2.0419416384941597e-08	0.05629282262622805	0.14250705076770193	0.0012307632523222774	0.7290322580645161	0.7290322580645161	0.0041784261461741854	0.004180613700079892	155145046113187.94	155145046113186.53	84.13174603174599	-2.288449833501398
208	208	1	0.0	0.0	6.008967603136278e-39	0.0	0.04741653315148472	0.0027855153203342623	0.0	0.0	0.0	0.0033090668431502318	0.0033090668431502318	1.5430806348152448	1.4832919301218217	1.0	30.900043305089067
209	209	8	0.015734271175362968	2022.2	8.616664483549567e-09	1.056711039375525e-11	0.12383179193347725	0.11892607950060337	0.015733147286500018	0.25	0.25	0.0060407962094722175	0.0060301226892427355	134202928.80197638	134202928.80184676	57.32622655122671	3.1262873902803925
210	210	2	0.003968192216118641	510.0	2.2748456359571702e-10	1.9494034822913192e-13	0.059063663457665214	0.10209817227820256	0.003968192216118641	0.0	0.0	0.002420007182828151	0.002417188016731941	93610.21780788143	93610.19345953283	44.87113997114025	15.977355558773628
211	211	1	0.0	0.0	6.008967603136278e-39	1.1247619169116868e-47	0.04741653315148472	0.0027855153203342623	0.0	0.0	0.0	0.0033090668431502318	0.0033090668431502318	1.543080634815241	1.394368915299889	1.0	30.79724252819206
212	212	7	0.009544093769430663	1226.6260194347674	8.414092588608955e-09	1.0389807796699672e-11	0.11530659003118693	0.11892607950060337	0.009862567938757836	0.2857142857142857	0.2857142857142857	0.005162004284887527	0.005152928914109842	127964891.53847142	127964891.53835124	56.90955988456004	8.528438100807136
213	213	5	4.4739422044474875e-05	5.750000000000001	8.603707657693498e-09	1.0559525453881207e-11	0.10701127007057687	0.1183094828473274	4.603621688634371e-05	0.8	0.8	0.0032432326493628772	0.003236769659806396	133799366.70908923	133799366.70896553	55.07622655122673	6.510131932318159
214	214	1	0.0	0.0	6.6441115627332695e-12	3.8608423369131275e-15	0.049406046110008886	0.0894860451144246	0.0	0.0	0.0	0.001336681482910476	0.0013352515685744225	81.57224230668642	81.54789429652364	37.60008325008345	24.41852466641724
215	215	18	0.0010123980273640744	130.11541927288556	5.572818965131736e-06	1.307291384822933e-08	0.008826756635092352	0.14419552293319604	0.0010787696736949963	0.7777777777777778	0.7777777777777778	0.0026700955278811662	0.002671267965340856	56009200504712.88	56009200504712.53	79.2984126984125	6.36811443640206
216	216	5	7.391230375119448e-05	9.499357102711016	7.232202230542656e-07	1.725027348648366e-09	0.0497805119877395	0.13602945755098822	0.00014429109004224642	0.4	0.4	0.0012003109161953887	0.0012006666008549515	943227288578.0392	943227288578.0409	65.88174603174629	19.679456092952133
217	217	2	0.0006381428964142298	82.01540133294965	0.00024976354366228865	0.00024976354446220054	0.05809699231831721	0.12873873909268418	0.0009623667812671776	0.0	0.0	0.0011887663174703618	0.0011874111437620689	8910494227413850.0	8910494227414755.0	59.35537518037538	38.03948414636053
218	218	5	9.336922861455625e-06	1.2	4.7454454726423653e-05	4.745445489119525e-05	0.09126131810523458	0.11568538151674662	1.0003845922988167e-05	0.9	0.9	0.0030489823525920593	0.003042248329740261	321660456032303.3	321660456032305.6	55.83611111111133	28.787810154855325
219	219	2	0.0	0.0	3.5877203342239134e-07	5.355299648643271e-10	0.058348349955285574	0.11877132858388173	0.0	1.0	1.0	0.0007492555965005649	0.0007494012735990523	232535372259.4792	232535372259.47665	57.03336940836953	7.83432225590814
220	220	0	0.0	0.0	8.954059486294207e-47	0.0	0.042674879836336235	0.0	0.0	0.0	0.0	0.0004963600264725347	0.0004963600264725347	1.0000000000000002	1.0	0.0	11.964686382798728
221	221	6	0.0002688855066154627	34.557703081232496	5.200493124939003e-05	5.200493142864489e-05	0.09356251125439778	0.11605310364489906	0.0003218366912909482	0.4666666666666667	0.4666666666666667	0.003653232115406426	0.003645814819358196	386307154467438.4	386307154467463.3	56.66944444444466	30.365416978628282
222	222	0	0.0	0.0	8.954059486294207e-47	0.0	0.042674879836336235	0.0	0.0	0.0	0.0	0.0004963600264725347	0.0004963600264725347	1.0000000000000004	1.0	0.0	13.186705304088722
223	223	5	0.0	0.0	0.010820361838586316	0.01082036187372467	0.04442542060716409	0.15238024376746762	0.0	1.0	1.0	0.0008941163512289808	0.0008941921941534102	1.6723503530351942e+19	1.6723503530354055e+19	75.91626984126981	30.326847057807004
224	224	0	0.0	0.0	8.954059486294207e-47	0.0	0.042674879836336235	0.0	0.0	0.0	0.0	0.0004963600264725347	0.0004963600264725347	1.0000000000000009	1.0	0.0	39.14884838734315
225	225	2	0.0	0.0	0.0020825222127322735	0.0020825222188483408	0.05397860485134681	0.1455753843966716	0.0	1.0	1.0	0.0006933844752299044	0.0006934137430793061	6.19473856437843e+17	6.19473856437915e+17	66.93293650793657	37.27476370483632
226	226	50	0.0012681350178410605	162.9832487629688	0.11088984915683192	0.11088984952694453	-0.0017489727023535515	0.16431281011109464	0.0012372199056894405	0.7738775510204081	0.7738775510204081	0.004554538181554825	0.004555249342370772	1.7564155913142817e+21	1.7564155913145038e+21	104.0496031746031	24.327212246973144
227	227	0	0.0	0.0	8.954059486294207e-47	0.0	0.042674879836336235	0.0	0.0	0.0	0.0	0.0004963600264725347	0.0004963600264725347	1.0	1.0	0.0	27.904056406326696
228	228	2	0.0	0.0	4.476950712023267e-05	4.476950727539863e-05	0.06227320372922982	0.11539287739154627	0.0	1.0	1.0	0.001479840824625099	0.0014773299653565706	286291414679081.6	286291414679107.94	54.16944444444468	27.85920198834364
229	229	1	0.0	0.0	6.008967603136278e-39	0.0	0.04741653315148472	0.0027855153203342623	0.0	0.0	0.0	0.0033090668431502318	0.0033090668431502318	1.5430806348152435	1.6783211917437164	1.0	26.692476746470337
230	230	56	0.034229097312871284	4399.192044844843	0.12415594217101718	0.12415594258637044	-0.012298633636162815	0.1670187850260075	0.03390212881961477	0.7688311688311689	0.7688311688311689	0.00524843748344564	0.0052481292471878455	2.2018043129712927e+21	2.2018043129715724e+21	108.96626984126982	27.94512985986915
231	231	2	0.0	0.0	1.7948872758996234e-06	1.794887282323511e-06	0.06253686240181752	0.09975493553739136	0.0	1.0	1.0	0.0015469304414615474	0.001544096174800381	460169739208.2576	460169739209.0924	44.71698579198606	21.690084787407592
232	232	59	0.01627660414052375	2091.901717348393	0.12454991035793267	0.12454991074371233	0.007555446908970931	0.1881974557045631	0.013770422550822736	0.7142022209234365	0.7142022209234365	0.005362047393508531	0.005362964317008194	2.2157998904572922e+21	2.2157998904575708e+21	113.2059523809525	27.132614054425733
233	233	0	0.0	0.0	8.954059486294207e-47	0.0	0.042674879836336235	0.0	0.0	0.0	0.0	0.0004963600264725347	0.0004963600264725347	0.9999999999999998	1.0	0.0	9.24852648801823
234	234	39	0.0009847726812116481	126.5649545346834	0.08856395252886856	0.08856395282195627	0.016303259973817253	0.1622680284741566	0.0009829563483553618	0.8124156545209177	0.8124156545209177	0.0037614574055127845	0.0037619673098545883	1.1203602172127383e+21	1.1203602172128799e+21	98.04960317460308	27.266146503542913
235	235	58	0.02032595315482217	2612.3321513640553	0.12409529889481208	0.1240952992810466	0.009513248679100377	0.1881974557045631	0.017879750707597297	0.7247428917120388	0.7247428917120388	0.0052774737687348505	0.0052782895888755475	2.199653919220921e+21	2.1996539192212e+21	112.95595238095251	26.640451581920022
236	236	1	0.0	0.0	5.217209699542536e-34	0.0	0.04850531692074958	0.005013927576601671	0.0	0.0	0.0	0.001871736234898388	0.0018717206576873398	1.6611137559132978	1.661113755913295	2.0	36.41288361038992
237	237	0	0.0	0.0	8.954059486294207e-47	0.0	0.042674879836336235	0.0	0.0	0.0	0.0	0.0004963600264725347	0.0004963600264725347	0.9999999999999996	1.0	0.0	16.447316881788304
238	238	5	0.0	0.0	0.010421447219534459	0.01042144725532593	0.0280072447459427	0.1368452264118637	0.0	1.0	1.0	0.0008865514431656431	0.0008866397124009381	1.5513141896580596e+19	1.5513141896582558e+19	72.1053751803754	22.535449872610034
239	239	0	0.0	0.0	8.954059486294207e-47	0.0	0.042674879836336235	0.0	0.0	0.0	0.0	0.0004963600264725347	0.0004963600264725347	1.0	1.0	0.0	21.37116385614028
240	240	6	2.5516737598218385e-05	3.2794621495982232	0.004950071752006399	0.004950071769818723	0.07483428276184106	0.13472437788444735	3.8455151320069393e-05	0.8	0.8	0.0012749946898607722	0.001275116354147876	3.4999890585135084e+18	3.499989058513988e+18	69.55537518037542	20.564671459976566
241	241	0	0.0	0.0	8.954059486294207e-47	0.0	0.042674879836336235	0.0	0.0	0.0	0.0	0.0004963600264725347	0.0004963600264725347	1.0	1.0	0.0	8.135007989604087
242	242	12	1.778461497420119e-05	2.285714285714285	4.180975211510366e-06	8.594820195091313e-09	0.04579382353925751	0.14272989212934026	1.7784614974201213e-05	0.9848484848484848	0.9848484848484848	0.0018649552082462828	0.001865702298341888	31544032440727.49	31544032440726.92	75.13174603174605	-1.782614814887613
243	243	6	0.003977336565280765	511.1752500430144	0.0041405792127382855	0.00414057922755531	0.07453172744774676	0.13602945755098822	0.003999589309112739	0.5333333333333333	0.5333333333333333	0.001748889604335588	0.0017490145431165573	2.4488709158783416e+18	2.4488709158786744e+18	71.10537518037543	15.286197611786935
244	244	9	0.00010057222694889476	12.925743751925856	0.011735804208239213	0.011735804249892758	0.07354340930214245	0.13903391624784933	0.00021229809229813705	0.75	0.75	0.0015461191504104984	0.0015462977573864561	1.967294642437551e+19	1.967294642437813e+19	76.40537518037519	12.160162567153732
245	245	0	0.0	0.0	8.954059486294207e-47	0.0	0.042674879836336235	0.0	0.0	0.0	0.0	0.0004963600264725347	0.0004963600264725347	0.9999999999999996	1.0	0.0	-3.2713080568106108
246	246	10	3.203338314092615e-06	0.4116994468038111	0.02394928163806576	0.023949281720794857	0.02971647316378277	0.13935231452933294	3.177910964252052e-06	0.9333333333333332	0.9333333333333332	0.0012606444128835945	0.0012608242704625257	8.192730721756422e+19	8.192730721757451e+19	77.3220418470418	9.319921062790213
247	247	53	0.008492760438044962	1091.5065570184147	0.11700115033524305	0.11700115072873865	-0.02417801366934809	0.16520500636509158	0.008481110136017976	0.7561683599419449	0.7561683599419449	0.005416957672138311	0.0054178551918649094	1.9553475500274268e+21	1.9553475500276735e+21	106.04960317460312	19.447468685492435
248	248	1	0.0	0.0	7.766110310952394e-05	7.766110339917018e-05	0.050128052581110916	0.11430903696520113	0.0	0.0	0.0	0.0007441149973589287	0.0007441370867473803	861491126667050.2	861491126667220.8	52.46944444444468	1.9310664163405984
249	249	39	0.0006178404483806731	79.40609010678084	0.08397188158403497	0.08397188187497295	0.009415908572081159	0.1604143515232216	0.0007255319377074488	0.8070175438596491	0.8070175438596491	0.003602229650445351	0.0036029459061165843	1.0071901448052416e+21	1.0071901448053695e+21	96.94960317460314	15.831710388174049
250	250	49	0.0013469971906625113	173.11877293832728	0.10505523602609328	0.10505523638845922	0.004321421228087552	0.16372334711518044	0.0014114218365055206	0.7534013605442177	0.7534013605442177	0.004449910065276754	0.004450797725875647	1.5764460181997088e+21	1.5764460181999098e+21	103.74960317460315	21.274936280540512
251	251	33	0.0012796860353203824	164.46780863144622	0.06452868070959117	0.06452868093532309	0.037000112000524166	0.14329005654115087	0.0012263138085512422	0.7518939393939394	0.7518939393939394	0.0034560657482289483	0.0034566861383568603	5.947702953414513e+20	5.947702953415272e+20	90.82204184704165	10.982828529528335
252	252	2	0.0	0.0	6.539670223880716e-07	1.5934004111648178e-09	0.03499541119533274	0.1364361225959837	0.0	1.0	1.0	0.0007299872344214088	0.0007301182248298651	771156037771.1796	771156037771.1741	65.26507936507963	-6.529230495072619
253	253	19	3.294979884222301e-05	4.2347740468001875	6.0101669999543434e-06	1.2873839388477004e-08	0.0366828295283987	0.14074906093556375	3.58885642825898e-05	0.8947368421052632	0.8947368421052632	0.002640965847897223	0.0026422817463245185	65171840952128.29	65171840952127.52	77.26507936507925	-1.6719285209149723
254	254	5	0.0	0.0	1.4428121308856512e-06	3.0293581784059875e-09	0.05283051508785784	0.13664036828849266	0.0	1.0	1.0	0.0010676421428312953	0.0010679990325337054	3756153839686.35	3756153839686.311	66.79841269841299	-19.279560530338877
255	255	0	0.0	0.0	8.954059486294207e-47	0.0	0.042674879836336235	0.0	0.0	0.0	0.0	0.0004963600264725347	0.0004963600264725347	1.0	1.0	0.0	-10.941113830199331
256	256	3	0.0	0.0	5.907285063047926e-12	3.5663109154348335e-15	0.06379179699879828	0.08874649102256985	0.0	1.0	1.0	0.00276840488082376	0.002764371315182015	69.28078780611918	69.30016235534542	37.938178488178686	-10.438473335899596
257	257	67	0.003572573276548054	459.1542626485089	0.1412810725112045	0.14128107298637352	-0.003251985910042527	0.1687167578867155	0.0036381874591435923	0.6806874717322479	0.6806874717322479	0.005958196405193216	0.00595921260193896	2.851094842191466e+21	2.8510948421918266e+21	114.38293650793648	27.000929799520442
258	258	40	0.0035821840165222345	460.38945417147056	0.0890674950633075	0.08906749537011001	0.003386741816561427	0.1624123950475322	0.0035186164007164353	0.8025641025641026	0.8025641025641026	0.0037083146358061494	0.0037090169689262906	1.1331363590654204e+21	1.1331363590655636e+21	98.63293650793644	23.092464333958905
259	259	56	0.003525704438517171	453.1305858471038	0.1233569029637268	0.12335690337779875	-0.006557189602289952	0.16625822589565226	0.003367063386144829	0.7545454545454545	0.7545454545454545	0.005112872001053737	0.005113805703819007	2.173554893359219e+21	2.173554893359493e+21	108.21626984126979	25.34362498584506
260	260	63	0.0013236889162293716	170.1231468916313	0.13530115302837945	0.1353011534845489	-0.022732200985770213	0.16717173263134266	0.0012926537291650087	0.7081413210445469	0.7081413210445469	0.0054861014544531185	0.005487167058553376	2.6148494745904444e+21	2.614849474590776e+21	111.54960317460312	19.464530681971738
261	261	9	5.798579741095805e-06	0.745245065485115	0.019597244838104728	0.01959724490435514	0.04883716674023048	0.15523089458624675	6.681186644878756e-06	0.8611111111111112	0.8611111111111112	0.0012212236455020821	0.0012213741245900315	5.48572124415606e+19	5.485721244156745e+19	80.49960317460331	28.189380762569492
262	262	0	0.0	0.0	8.954059486294207e-47	0.0	0.042674879836336235	0.0	0.0	0.0	0.0	0.0004963600264725347	0.0004963600264725347	1.0	1.0	0.0	14.0346403189064
263	263	43	0.006200402173575194	796.8880881522311	0.0883997264383633	0.08839972674406621	0.037761170941396784	0.1624123950475322	0.006818783884125902	0.7209302325581395	0.7209302325581395	0.004357272146919998	0.004358062341596772	1.1162090525931859e+21	1.1162090525933293e+21	100.24960317460315	22.761550461448646
264	264	0	0.0	0.0	8.954059486294207e-47	0.0	0.042674879836336235	0.0	0.0	0.0	0.0	0.0004963600264725347	0.0004963600264725347	1.0	1.0	0.0	13.921450033130146
265	265	70	0.005730756647135961	736.5283058032081	0.1444207271270576	0.14442072761740252	-0.006241825569873189	0.16918584989196125	0.006014492833128557	0.6542443064182195	0.6542443064182195	0.006149642045964592	0.006150856944464151	2.979221220439391e+21	2.979221220439771e+21	115.96626984126982	27.729277345492516
266	266	48	0.0014344321243959946	184.356085491622	0.10303873583522387	0.10303873619192554	-0.0014536148132620302	0.16313809833192688	0.0015363430897188547	0.7801418439716312	0.7801418439716312	0.004387386456666999	0.004388262510913728	1.5165081261729778e+21	1.5165081261731708e+21	102.74960317460315	19.494403003505333
267	267	20	0.0030795977907176805	395.7960672586177	0.024704292876221	0.024704292964000275	0.098856152713395	0.1409664340026457	0.0030664154384785875	0.5210526315789473	0.5210526315789473	0.002972008602522233	0.002972403040605827	8.7174316935708e+19	8.717431693571949e+19	82.98870851370847	8.840608752451047
268	268	2	3.112307620485209e-05	4.0	7.724449649076129e-36	0.0	0.052744233505584125	0.00626740947075209	3.112307620485209e-05	0.0	0.0	0.00429598151165406	0.004295981515668721	2.2272571623738338	2.2272571623738324	2.5	-0.7840291851098431
269	269	2	3.112307620485209e-05	4.0	7.724449649076129e-36	0.0	0.052744233505584125	0.00626740947075209	3.112307620485209e-05	0.0	0.0	0.004295981511654061	0.004295981515668722	2.2272571623738346	2.2272571623738315	2.5	7.324248886150679
270	270	3	2.5935896837376737e-05	3.333333333333333	2.0618631171611056e-10	1.8274521680884118e-13	0.06346243421925153	0.10102464418009197	2.7232691679245576e-05	0.6666666666666666	0.6666666666666666	0.0029090575028883807	0.002905298454751777	76900.25227430543	76900.25227429008	43.968759018759286	7.81364843672474
271	271	1	0.0	0.0	0.0002518559026634699	0.00025185590358588867	0.04954327430821303	0.11717043134366248	0.0	0.0	0.0	0.0006752098726726199	0.0006752305716337235	9060412402944862.0	9060412402945932.0	55.80277777777797	-1.116351464251574
272	272	34	8.42766192574417e-05	10.831399660204923	0.08099617919467689	0.08099617946849663	-0.03808012154047336	0.15999257846926046	8.783879625066386e-05	0.8877005347593583	0.8877005347593583	0.003084682990727877	0.0030852721452935107	9.37071572915172e+20	9.370715729152896e+20	94.49960317460312	11.416343758345832
273	273	6	0.004695612039090233	603.489450487955	7.970780227311335e-07	1.3775570145438556e-09	0.07215777261637757	0.13767083863757631	0.005363645676368075	0.26666666666666666	0.26666666666666666	0.002426179654972675	0.0024265828298247146	1147224996536.4204	1147224996536.398	68.54841269841302	-23.691309363058267
274	274	2	0.0	0.0	0.003156346659174783	0.0031563466698132873	0.04825689732786369	0.13552452266772544	0.0	1.0	1.0	0.0006800248474307232	0.0006800569297469715	1.4230268318437133e+18	1.4230268318438866e+18	68.82204184704209	24.515179717061113
275	275	55	0.0013895249529815596	178.58452600709597	0.12099934886077705	0.12099934926543708	-0.002999528587658549	0.16580520620656328	0.0013726958017525241	0.7548821548821549	0.7548821548821549	0.004973031150032703	0.004973843041087718	2.0912683495743876e+21	2.091268349574653e+21	107.38293650793646	29.032169729987103
276	276	1	0.0	0.0	0.0021944848616895344	0.0021944848691933627	0.040257078469401436	0.1342290676716369	0.0	0.0	0.0	0.0005832325308308969	0.0005832501569081043	6.878739720319677e+17	6.878739720320547e+17	66.85537518037539	32.52582606823972
277	277	49	0.0016914540827982665	217.38906162939884	0.10745789863488292	0.10745789900621798	-0.024134639641353896	0.16446083966975333	0.0020404564488610147	0.7840136054421769	0.7840136054421769	0.004513296964655775	0.0045141614789677865	1.6493787138180178e+21	1.6493787138182268e+21	103.88293650793644	22.642084350891345
278	278	26	0.00048563013648086776	62.414156400794106	7.853113084178734e-06	1.8167636535044224e-08	0.051524757508809714	0.14184268223265434	0.00044902266475657236	0.7846153846153846	0.7846153846153846	0.0035445376094922023	0.0035463855834972297	111229865480878.62	111229865480878.28	81.46507936507925	-3.1901751731203314
279	279	52	0.004257539162799291	547.1874482812905	1.4265775931758258e-05	3.580890002931452e-08	0.022502278844590468	0.16825025993864165	0.0050173713226542155	0.5920060331825038	0.5920060331825038	0.0066314302314393345	0.006634987558670539	366908082347611.6	366908082347608.6	101.45873015873038	-14.93168755376168
280	280	19	3.887336821812615e-05	4.996083030130009	6.214575304770195e-06	1.319150228709684e-08	0.04703056667256437	0.14064062560356408	4.011626916799384e-05	0.8713450292397661	0.8713450292397661	0.002633525112499243	0.002634858247350315	69682969578094.3	69682969578093.53	77.29841269841258	-10.36938704219598
281	281	38	0.007596997850875686	976.3813577902448	1.1048808892474097e-05	2.8272076841072963e-08	0.039665374312055766	0.16520500636509158	0.007871873415950371	0.6927453769559033	0.6927453769559033	0.005423868133041963	0.005426454418413057	220067038347985.12	220067038347983.2	93.54206349206379	-7.071394544967241
282	282	35	2.1430936864067583e-05	2.7543468676436937	0.08715191337195699	0.08715191366375873	-0.010868456048798415	0.16198006391608358	2.1097717307106116e-05	0.9647058823529412	0.9647058823529412	0.003153556633974674	0.003154135240798871	1.0849195887705926e+21	1.0849195887707293e+21	96.38293650793644	23.14935679429778
283	283	0	0.0	0.0	8.954059486294207e-47	0.0	0.042674879836336235	0.0	0.0	0.0	0.0	0.0004963600264725347	0.0004963600264725347	1.0000000000000004	1.0	0.0	14.19939655176101
284	284	23	0.002265434517976646	291.1581751193945	7.140695750773036e-06	1.5729498858115193e-08	0.06078723059655355	0.14140320064556638	0.0022271093037910376	0.8142292490118577	0.8142292490118577	0.003288516241263864	0.0032901452863008697	91984587280232.69	91984587280232.12	79.7984126984125	-6.507743635653829
285	285	19	0.0003410164038957258	43.82811026148647	5.885626056779807e-06	1.3403487105169881e-08	0.05462748425939682	0.14074906093556375	0.00035163038386655537	0.8070175438596491	0.8070175438596491	0.002864053283707903	0.0028654024298389864	62481934634418.3	62481934634418.04	77.46507936507923	-1.3926726591435585
286	286	76	0.0037106879672298	476.9050389243083	0.1541931955286258	0.15419319604923445	-0.011306589278677077	0.1699734935134322	0.0033986239492403256	0.623859649122807	0.623859649122807	0.006590464183339196	0.006591763892255434	3.396050315459534e+21	3.396050315459969e+21	118.79960317460316	21.58489925422476
287	287	28	0.0033914014100083693	435.8696920170957	8.146049206500312e-06	2.1998197715161752e-08	0.05605433293438015	0.1590170139663991	0.003686746281109689	0.7433862433862434	0.7433862433862434	0.0038403211727606893	0.003842312095273901	119589984103170.48	119589984103169.69	86.04206349206386	-7.097661877114783
288	288	0	0.0	0.0	8.954059486294207e-47	0.0	0.042674879836336235	0.0	0.0	0.0	0.0	0.0004963600264725347	0.0004963600264725347	1.0	1.0	0.0	22.390655412009664
289	289	0	0.0	0.0	8.954059486294207e-47	0.0	0.042674879836336235	0.0	0.0	0.0	0.0	0.0004963600264725347	0.0004963600264725347	1.0	1.0	0.0	26.51663628736759
290	290	38	0.001434921984840433	184.41904333566208	1.166296551533351e-05	3.045252546376313e-08	0.0033850917746788643	0.16098018697832994	0.0019731478279110303	0.7510668563300142	0.7510668563300142	0.004985058960662994	0.004987704090303435	245186526421694.53	245186526421693.2	91.5087301587305	-7.720626941120068
291	291	25	0.0003810361091033636	48.97152281418247	7.902911980021794e-06	1.7067743130110112e-08	0.03889288992177449	0.1455753843966716	0.0003945728706939572	0.83	0.83	0.003391729278168716	0.003393374118231481	112679736689598.23	112679736689597.06	83.54841269841263	-1.286838671736437
292	292	48	0.004712326509173249	605.6376276119643	1.3431265767164078e-05	4.3336470459192935e-08	-0.014944341385956444	0.16747846975543687	0.004564324131879849	0.6196808510638298	0.6196808510638298	0.00618543849922141	0.006188728016065178	324770409543562.5	324770409543555.1	99.29206349206369	-13.16982277543747
293	293	23	0.0023072757840040584	296.53569831176964	6.142811466102061e-06	1.2822817235285521e-08	0.09594747059293976	0.14140320064556638	0.002347140913120544	0.691699604743083	0.691699604743083	0.0035552092206789523	0.003556853165357838	68087715751874.38	68087715751873.66	79.7984126984125	-0.8427891884126841
294	294	33	0.0024903569756561266	320.0656592252767	9.682515760542744e-06	2.5325117310517244e-08	0.04869834105797372	0.15971262645094156	0.0028292387553450478	0.7215909090909091	0.7215909090909091	0.0044471313396328115	0.004449467413972633	168986153010671.6	168986153010670.34	88.54206349206386	-12.770661527546508
295	295	12	0.010876836135506142	1397.9127338075205	0.016243885164112525	0.01624388518813907	0.08817639690655017	0.1741903931616662	0.010867848580519134	0.5303030303030303	0.5303030303030303	0.0023362480936772404	0.002336217680163745	3.768977265095233e+19	3.7689772650957095e+19	85.6559523809527	21.74261449485685
296	296	32	0.011730958722365271	1507.6862769158295	0.06610488099005761	0.06610488118010811	0.05065988563254117	0.1811027103506212	0.010747567101240956	0.7298387096774194	0.7298387096774194	0.0034245587628085896	0.003425019425113882	6.241812996816415e+20	6.241812996817192e+20	98.12261904761914	31.508005212266763
297	297	2	0.0	0.0	0.0017288960691462002	0.001728896075375938	0.049211621766737206	0.11978446983820615	0.0	1.0	1.0	0.0007082644640193262	0.0007083036030257553	4.269543789711474e+17	4.269543789712062e+17	61.302777777778026	13.030014280450496
298	298	0	0.0	0.0	8.954059486294207e-47	0.0	0.042674879836336235	0.0	0.0	0.0	0.0	0.0004963600264725347	0.0004963600264725347	0.9999999999999988	1.0	0.0	22.768703306389767
299	299	11	0.0009069350665749488	116.56110862634556	0.022436656033050784	0.02243665611122084	0.03109153332933118	0.1396721744708693	0.0012071214435263196	0.8	0.8	0.0015680482361250805	0.0015682523571530472	7.190514366303107e+19	7.190514366304027e+19	78.07204184704177	12.58869947358323
300	300	0	0.0	0.0	8.954059486294207e-47	0.0	0.042674879836336235	0.0	0.0	0.0	0.0	0.0004963600264725347	0.0004963600264725347	1.0000000000000004	1.0	0.0	22.06880222334539
301	301	1	0.0	0.0	0.002261812955154805	0.0022618129620853265	0.043372230597076115	0.14890010769447487	0.0	0.0	0.0	0.0005779026263986781	0.0005779191550042429	7.307302269801554e+17	7.307302269802516e+17	70.28293650793654	-0.8531694987421492
302	302	54	0.0018267378586830298	234.7760030736604	0.11787286289081278	0.11787286329211648	-0.002019754078724184	0.16625822589565226	0.0018611623056627282	0.7498252969951084	0.7498252969951084	0.0047970461147555645	0.00479798223862692	1.984592573244112e+21	1.984592573244364e+21	107.46626984126979	22.59611493974559
303	303	72	0.04257066964035778	5471.267603518064	0.15062033964452715	0.15062034012529654	-0.016408976645025625	0.19175581095948127	0.041507700555385545	0.6647104851330203	0.6647104851330203	0.006223177310845819	0.006224373580830997	3.240491922428436e+21	3.240491922428846e+21	120.53928571428585	20.156369807446584
304	304	0	0.0	0.0	8.954059486294207e-47	0.0	0.042674879836336235	0.0	0.0	0.0	0.0	0.0004963600264725347	0.0004963600264725347	1.0000000000000004	1.0	0.0	14.214282611662407
305	305	1	0.0	0.0	6.008967603136278e-39	0.0	0.04741653315148472	0.0027855153203342623	0.0	0.0	0.0	0.0033090668431502318	0.0033090668431502318	1.5430806348152442	0.9930624261511988	1.0	16.250804494347975
306	306	31	0.013305048179390143	1709.9914021115806	0.06874466824619975	0.06874466848061313	0.02606432217757924	0.15999257846926046	0.013314430431992685	0.7612903225806451	0.7612903225806451	0.004077553727004903	0.004078065085328378	6.750279246220705e+20	6.750279246221566e+20	93.4162698412698	37.47143646154634
307	307	55	0.02114727389872089	2717.8899360114065	0.12059081481371273	0.12059081518954973	0.0069735076073988095	0.1880036375215512	0.018870076064774127	0.7575757575757576	0.7575757575757576	0.005276472352904087	0.00527735537558112	2.0771705532568644e+21	2.0771705532571252e+21	111.70595238095251	17.991307147430636
308	308	0	0.0	0.0	8.954059486294207e-47	0.0	0.042674879836336235	0.0	0.0	0.0	0.0	0.0004963600264725347	0.0004963600264725347	1.0	1.0	0.0	10.735325532666762
309	309	67	0.0012265941318672848	157.64433101584714	0.14243893493932785	0.14243893541739627	-0.01939764026141146	0.16763226082040972	0.0012317915048486788	0.6897331524197196	0.6897331524197196	0.005792558128547405	0.005793676674139075	2.898018366343538e+21	2.898018366343903e+21	113.38293650793646	15.543325760555197
310	310	36	0.0033748378774353448	433.74091368374536	0.07930755762113335	0.07930755789334948	0.02745167729656748	0.16098018697832994	0.003137746265341157	0.7746031746031746	0.7746031746031746	0.0035554726593362397	0.0035561252339183416	8.9840642491732e+20	8.984064249174326e+20	96.33293650793648	3.5771869509562966
311	311	60	0.0007918356892982342	101.76830645998766	0.1350655876569343	0.1350655881115451	-0.03920808440060459	0.16686611703238224	0.0007407217562506572	0.7768361581920904	0.7768361581920904	0.005148459308717426	0.005149473060027728	2.6057522605307147e+21	2.6057522605310445e+21	110.13293650793646	20.674465041667947
312	312	76	0.0070343743578153576	904.0718612151458	0.15279434588979435	0.15279434640630915	-0.008948362283012858	0.17013190310664136	0.0070507532739535065	0.612280701754386	0.612280701754386	0.006673946564043277	0.006675246529740319	3.334711486031457e+21	3.3347114860318834e+21	118.96626984126982	19.861148519780073
313	313	0	0.0	0.0	8.954059486294207e-47	0.0	0.042674879836336235	0.0	0.0	0.0	0.0	0.0004963600264725347	0.0004963600264725347	1.0000000000000002	1.0	0.0	17.816986503672133
314	314	72	0.0021335284994736642	274.20534980935435	0.15075908361197968	0.15075908412095687	-0.02831400772271696	0.16918584989196125	0.001991424047995065	0.6670579029733961	0.6670579029733961	0.006175716502177582	0.006176947171786941	3.2464646332976034e+21	3.2464646332980165e+21	116.63293650793648	21.53070751647284
315	315	0	0.0	0.0	8.954059486294207e-47	0.0	0.042674879836336235	0.0	0.0	0.0	0.0	0.0004963600264725347	0.0004963600264725347	0.9999999999999998	1.0	0.0	7.676999594859274
316	316	10	7.102890015968095e-05	9.128776306322514	0.020070467317928067	0.020070467383940343	0.047545102265539776	0.1553630059858946	8.905944084424193e-05	0.6888888888888889	0.6888888888888889	0.0013655463670889064	0.0013656934267150575	5.753851743338736e+19	5.753851743339448e+19	80.91626984127	7.7874157005285145
317	317	49	0.012200568953688205	1568.0415230659146	0.10781607184676896	0.10781607217519562	-0.0017659195098504816	0.18533150460246314	0.01029288733464688	0.7891156462585034	0.7891156462585034	0.004567700700014611	0.0045684310403680825	1.6603922876376623e+21	1.6603922876378726e+21	107.53928571428581	19.169120372521064
318	318	2	0.003968192216118641	510.0	0.00030477909587648235	0.00030477909609093044	0.056323239909722086	0.14031631977972805	0.003968192216118641	0.0	0.0	0.0016967452992971651	0.0016966702695146061	1.3268262305520826e+16	1.3268262305522228e+16	61.39960317460325	29.033054905011955
319	319	3	3.112307620485209e-05	4.0	0.003915332191791475	0.003915332205566196	0.048746674220456136	0.1364361225959837	3.112307620485209e-05	0.6666666666666666	0.6666666666666666	0.0008983109753555408	0.0008983660579681027	2.189681396689006e+18	2.1896813966892849e+18	70.68870851370875	34.21002262544162
320	320	0	0.0	0.0	8.954059486294207e-47	0.0	0.042674879836336235	0.0	0.0	0.0	0.0	0.0004963600264725347	0.0004963600264725347	1.0	1.0	0.0	27.620985440540863
321	321	2	0.003968192216118642	510.00000000000017	0.0012898353814292257	0.001289835385926673	0.05004929296740181	0.1309551879723287	0.003968192216118641	0.0	0.0	0.0016126598573092887	0.0016126559101435007	2.376360199989253e+17	2.3763601999895603e+17	62.97204184704207	47.2896151596464
322	322	0	0.0	0.0	8.954059486294207e-47	0.0	0.042674879836336235	0.0	0.0	0.0	0.0	0.0004963600264725347	0.0004963600264725347	1.0	1.0	0.0	28.60013450229138
323	323	22	0.002268411853205325	291.5408281976548	0.04492686896915642	0.044926869115342334	0.062377364517564524	0.1590170139663991	0.0024423451710001236	0.696969696969697	0.696969696969697	0.002745192053774346	0.0027455129868212275	2.8830754229622155e+20	2.8830754229625786e+20	88.63293650793655	30.773434254180152
324	324	2	0.002737590818940682	351.84064723189437	9.173323666535392e-09	1.9190204071197483e-11	0.05261339175721248	0.11649746779414565	0.002417819854771677	0.0	0.0	0.0019366399492533246	0.0019352253920604952	151839201.59782302	151839201.59780324	51.5976551226553	19.51884619359886
325	325	1	0.0	0.0	1.5762539410485635e-35	1.5174198852514846e-32	0.048394193628834924	0.005013927576601671	0.0	0.0	0.0	0.0023155202232034637	0.0022954788011042143	1.6381924800586458	2.565450370547592	2.0	33.67870844864492
326	326	9	6.448813796365379e-05	8.288144467364711	2.1659569206416496e-06	4.296752509042447e-09	0.07786285180110054	0.13882245782009595	0.00012298421638303213	0.8611111111111112	0.8611111111111112	0.0016179774441623734	0.0016186262675826168	8466896470969.143	8466896470969.0625	71.29841269841287	6.104871306467009
327	327	6	5.181380782199996e-05	6.65921420889908	9.264860571787089e-07	1.4897938483300405e-09	0.08142115458145603	0.13199676936617946	6.015288367239784e-05	0.6666666666666666	0.6666666666666666	0.0013315657532323106	0.0013320034049066182	1550348450412.5542	1550348450412.5332	63.77222222222248	16.690696962561656
328	328	0	0.0	0.0	8.954059486294207e-47	0.0	0.042674879836336235	0.0	0.0	0.0	0.0	0.0004963600264725347	0.0004963600264725347	1.000000000000001	1.0	0.0	21.160631013874347
329	329	0	0.0	0.0	8.954059486294207e-47	0.0	0.042674879836336235	0.0	0.0	0.0	0.0	0.0004963600264725347	0.0004963600264725347	1.0000000000000009	1.0	0.0	20.83640371817644
330	330	6	7.430634443908435e-05	9.55	8.830375054689348e-09	1.0754074137837226e-11	0.11826870570089305	0.11869410405294292	7.443602392327123e-05	0.7333333333333333	0.7333333333333333	0.0038861158146577795	0.0038782957994500937	140944890.30493125	140944890.30478936	56.15955988456005	2.0903152375984284
331	331	3	0.0	0.0	0.0005846041449496281	0.0005846040895989079	0.076906877313429	0.15642804801493246	0.0	1.0	1.0	0.0012944788878115276	0.001294372706284764	4.881658486527556e+16	4.881658486528614e+16	66.8392857142858	34.848114030823865
332	332	2	0.0	0.0	3.8203051849980664e-33	0.0	0.05445750327142677	0.007428040854224698	0.0	1.0	1.0	0.0032244255206906104	0.0032243042067862638	2.8620851820976583	2.7643953533771892	3.0	19.58142665930464
333	333	6	0.003983753754221067	512.0	0.0007105821450677033	0.000710582061233959	0.09906272795506722	0.1569660636572882	0.003983753754221067	0.5333333333333333	0.5333333333333333	0.0026237057271171573	0.002623449229616743	7.212273279720571e+16	7.212273279721795e+16	68.5059523809524	21.78106998707032
334	334	1	0.0	0.0	0.001289381628751427	0.0012893816332471696	0.04528131205409417	0.13076757308984682	0.0	0.0	0.0	0.0006081607574306389	0.0006081779401025067	2.3746885290840742e+17	2.374688529084381e+17	62.30537518037539	21.504747416341104
335	335	31	0.005870460908075186	754.4833768276391	0.0696130310453381	0.0696130312450309	0.03244459667123914	0.18074409112220413	0.004958434161052794	0.8387096774193549	0.8387096774193549	0.002999127050608685	0.002999591396361439	6.921891470720525e+20	6.9218914707214e+20	97.37261904761914	10.269211347225806
336	336	22	3.761875216294517e-05	4.834837265486039	7.62533733222051e-06	3.081202910151106e-08	-0.04166123604882603	0.15750779295377584	3.697363506918504e-05	0.9220779220779219	0.9220779220779219	0.0029278992943045125	0.0029294402030939234	104508377268136.6	104508377268135.72	82.20873015873055	-1.9834124945408411
337	337	1	0.0	0.0	0.00011476756789703867	0.00011476756591465798	0.05231984789769952	0.1359281697940627	0.0	0.0	0.0	0.000764137306295804	0.0007641076945288722	1881403887238020.8	1881403887238150.0	57.499603174603294	21.534948446550654
338	338	39	0.00713101065000636	916.4917507601178	0.08909670746032257	0.08909670772694478	0.017617002878572798	0.1809232230261905	0.005955246300428642	0.8407557354925776	0.8407557354925776	0.0036017347147197384	0.0036023531182227736	1.133879773076436e+21	1.13387977307658e+21	100.90595238095248	26.736335999847107
339	339	2	0.0	0.0	3.8203051849980664e-33	0.0	0.05445750327142677	0.007428040854224698	0.0	1.0	1.0	0.0032244255206906104	0.0032243042067862638	2.8620851820976583	2.7643953533771897	3.0	20.54358068621124
340	340	3	0.004001260484586297	514.25	2.458989083763574e-10	2.0584610654623693e-13	0.06731166273672645	0.10226976584505668	0.0040083928562165754	0.0	0.0	0.002965022088604153	0.002960793678006661	109384.33752796744	109384.31317938084	45.82113997114025	4.447531132527768
341	341	1	0.0	0.0	6.008967603136278e-39	0.0	0.04741653315148472	0.0027855153203342623	0.0	0.0	0.0	0.0033090668431502318	0.0033090668431502318	1.5430806348152446	2.7206922566136384	1.0	16.347457241877745
342	342	0	0.0	0.0	8.954059486294207e-47	0.0	0.042674879836336235	0.0	0.0	0.0	0.0	0.0004963600264725347	0.0004963600264725347	0.9999999999999996	1.0	0.0	22.998097841776165
343	343	2	0.0	0.0	0.0007152120028020894	0.0007152120054357688	0.059428889579552564	0.11853995586586115	0.0	1.0	1.0	0.0008015161925033253	0.000801557700859471	7.306565585409192e+16	7.30656558541011e+16	58.802777777778	-2.361180064261724
344	344	3	0.0	0.0	0.0036088900969897288	0.0036088901098322015	0.059081779931472185	0.13373738610507413	0.0	1.0	1.0	0.0007927399701659548	0.0007927989676831512	1.860334376797036e+18	1.8603343767972792e+18	67.38870851370875	5.933915064405096
345	345	10	0.005584855172023624	717.7767564188202	0.01342794878514293	0.013427948832568969	0.06868394471876785	0.14010094553601396	0.005810741629773454	0.5333333333333333	0.5333333333333333	0.002104163073068404	0.0021043593548375136	2.575508874394889e+19	2.5755088743952253e+19	78.32204184704177	7.090754909625329
346	346	0	0.0	0.0	8.954059486294207e-47	0.0	0.042674879836336235	0.0	0.0	0.0	0.0	0.0004963600264725347	0.0004963600264725347	0.9999999999999988	1.0	0.0	19.48932994101029
347	347	3	0.0	0.0	7.257674820408945e-07	1.245780103034852e-09	0.06110599843263315	0.1348238789020873	0.0	1.0	1.0	0.0008635823752060497	0.0008637976590512174	951156921260.1859	951156921260.1752	63.581746031746285	-1.3706995223549103
348	348	36	0.002135189103782369	274.4187739963176	1.1125657212724276e-05	4.258139401861498e-08	-0.02791735440323715	0.16098018697832994	0.0020346003447539187	0.7650793650793649	0.7650793650793649	0.004631585775350665	0.004634115628876968	222571927997876.25	222571927997875.03	90.84206349206387	-13.419294723025393
349	349	1	0.0	0.0	0.0021944848616895344	0.0021944848691933627	0.040257078469401436	0.1342290676716369	0.0	0.0	0.0	0.0005832325308308969	0.0005832501569081041	6.878739720319677e+17	6.878739720320547e+17	66.85537518037539	19.95927003626849
350	350	0	0.0	0.0	8.954059486294207e-47	0.0	0.042674879836336235	0.0	0.0	0.0	0.0	0.0004963600264725347	0.0004963600264725347	0.9999999999999998	1.0	0.0	-16.538277339662265
351	351	36	0.0038957959075082336	500.69548162477315	0.06974116320960724	0.06974116345321256	0.0342758859746784	0.1435153553721904	0.0035656242423839	0.7031746031746032	0.7031746031746032	0.0038432970045179267	0.003843971570715721	6.947396278331516e+20	6.947396278332407e+20	92.15537518037495	13.930265516380098
352	352	64	0.001959953467615961	251.8971395649385	0.13850832512372835	0.13850832559158335	-0.030685787104174737	0.16778633458954612	0.0018198140764745282	0.716765873015873	0.716765873015873	0.0055475406637008565	0.005548632121989147	2.740283234470752e+21	2.7402832344711005e+21	112.46626984126979	21.339141872759
353	353	58	0.0008086979811889585	103.9354819383673	0.12778762572820812	0.12778762615501588	-0.002158370623533445	0.16671372788440747	0.000802766020755413	0.7531760435571688	0.7531760435571688	0.00508450029901766	0.005085455624697349	2.3324981092477247e+21	2.33249810924802e+21	109.29960317460312	21.100548274490695
354	354	74	0.0028250507990261182	363.08117879243486	0.15225890871251566	0.15225890922616386	-0.019886081079666496	0.1695000297431998	0.0025990309707237666	0.6416142169566827	0.6416142169566827	0.006388069204469636	0.006389330803316114	3.311380779849012e+21	3.311380779849436e+21	117.63293650793648	22.417380401653414
355	355	20	4.682772275670976e-05	6.018392584137852	0.04816503410874188	0.04816503426843773	0.029479375343247544	0.15737201037364326	5.151943894430783e-05	0.8789473684210526	0.8789473684210526	0.002051426628360607	0.0020517662621851603	3.313656163429558e+20	3.3136561634299766e+20	86.66626984126995	1.1152111109770777
356	356	71	0.0014986700919790775	192.61207756133496	0.15054874945033406	0.15054874995921588	-0.032326548774457016	0.16887283259336372	0.0013927981675700642	0.6841046277665996	0.6841046277665996	0.006052660974474014	0.006053874738856311	3.2374122291721745e+21	3.237412229172587e+21	115.96626984126979	17.0470694428578
357	357	72	0.0015541258146943109	199.73935795614224	0.15085131565079402	0.15085131615958342	-0.026514812235965867	0.16902919632724647	0.0014932284398878086	0.6666666666666666	0.6666666666666666	0.0061685899326870885	0.006169813211292732	3.250438120479388e+21	3.250438120479805e+21	116.46626984126979	18.59712421726869
358	358	3	7.675764312499525e-05	9.865045809710637	0.0025165971852179163	0.002516597194229541	0.05548119331296955	0.13295814423410499	0.000669549597762738	0.6666666666666666	0.6666666666666666	0.00107302290658783	0.0010730838787807416	9.046302611601472e+17	9.046302611602609e+17	66.30537518037539	21.387250840175835
359	359	23	0.004412126354854347	567.0553033785905	0.04488607478882126	0.04488607494618138	0.03825360423391178	0.14184268223265434	0.0038834539217406697	0.7707509881422925	0.7707509881422925	0.002855570769392947	0.002856004959553003	2.8778420616386337e+20	2.8778420616390033e+20	85.32204184704177	21.816952139449086
