	ID	degree	eccentricity	betweenness	com_betweenness	eigenvector	katz	closeness	current_flow_closeness	load	clustering_coef	pagerank	subgraph	harmonic	strength
0	0	0.6645161290322581	0.0	0.4126199825186355	0.5516984998061069	0.6836069283529411	0.46194555839596213	0.7686293452098307	0.9036187325414433	0.42772448522297807	0.1478715459297984	0.674780782067806	0.470735555287666	0.7632534495279613	0.4174142153635403
1	1	0.48387096774193544	0.0	0.07912778682996642	0.40458792284746936	0.5729876254481846	0.19953903117121796	0.5681308446034055	0.8168751658965341	0.08049359643065081	0.008421052631578947	0.47201026927283934	0.33219342778159444	0.5918663761801077	0.7855863011607865
2	2	0.7483870967741936	0.0	0.1673315292630702	0.746867997158896	0.8253655124846248	0.5193607577974841	0.7901536630324268	0.9338620109045733	0.16894728748137625	0.013262599469496025	0.7255307403766607	0.683504989249337	0.8097312999273802	0.45531280903208465
3	3	0.7677419354838709	0.0	0.2802965166065531	0.7438049998551968	0.8218964878314764	0.4681540590425982	0.8307128522082303	0.9400113900687768	0.28472606436032577	0.08319327731092437	0.7604393550516797	0.6778264400785746	0.8344226579520708	0.39298272397929507
4	4	0.7612903225806451	0.0	0.2123990221303846	0.743087025971663	0.821824737091515	0.38672195351162025	0.7974210133510238	0.9379826856217931	0.21392052184655522	0.016237003275886626	0.7489565526143873	0.6777088914208247	0.8184458968772714	0.37133032883861483
5	5	0.8064516129032258	0.0	0.20349491864941685	0.8177496543731225	0.874508303918249	0.4524985923990034	0.8496356062341452	0.951881898968502	0.20428768209560075	0.01752380952380953	0.7848381764862151	0.7664982865538652	0.8591140159767623	0.30214095623287185
6	6	0.632258064516129	0.0	0.1118904213018133	0.5896888331417462	0.7140247891186028	0.3575186781691252	0.6476523058816244	0.8908309211943426	0.11409947809086589	0.004947433518862091	0.6113063263917782	0.5130567281842604	0.6964415395787995	0.484393745836623
7	7	0.19354838709677422	0.0	0.04112618794039599	0.0512070013931569	0.18767925129599716	0.2759857973308521	0.5026193678183712	0.5322614923837192	0.04501368587308047	0.5161290322580645	0.20121192158045587	0.03763244548024497	0.4277414669571584	0.7785652980715143
8	8	0.8838709677419355	0.0	1.0	0.7416572779985491	0.8107115461806804	0.7050429285385371	0.892385128858741	0.972636570546137	1.0	0.05268168835290385	0.9840146590949383	0.6596775498286567	0.9099491648511269	0.08256380971761612
9	9	0.8064516129032258	0.0	0.1552333202552635	0.8524494403792549	0.8995138008556914	0.4157322243563242	0.7937814868629665	0.951853900484208	0.1550958941075236	0.004571428571428572	0.7751065704521933	0.8105527132735079	0.8373275236020363	0.28545799159245777
10	10	0.7096774193548387	0.0	0.922180918705375	0.47818055798404596	0.6219006968840393	0.4108175875944892	0.7901536630324268	0.9198246771160276	0.9490983288431794	0.11793611793611794	0.7898759367087571	0.39047533754233354	0.7923021060275983	0.1435076084161928
11	11	0.7419354838709677	0.0	0.12291956391931116	0.7762075195574881	0.8466576270881722	0.4448611025064261	0.7371031465779905	0.9317417122987218	0.12326754095110334	0.005397301349325337	0.7097748309278413	0.7188797591420767	0.785039941902691	0.3277886954033211
12	12	0.45161290322580644	0.0	0.11021351935772118	0.28585712465915913	0.4720632582954581	0.49604301474918044	0.6287534052104515	0.7961429085008664	0.1161320543871251	0.1617706237424547	0.44706896984850825	0.22678071646538137	0.6063907044299242	0.5653859465785414
13	13	0.3419354838709677	0.0	0.0237339022925425	0.22005931790425726	0.4109354827666782	0.2971975409049394	0.32463538114474577	0.7117716277594353	0.025418483650396395	0.0	0.3256061399547873	0.1726914595578676	0.3914306463326205	0.6650609530764062
14	14	0.05161290322580645	0.0	0.0017795572131773221	0.004880107797802732	0.05273864418677708	0.52141156559895	0.33610752695268786	0.20485748860241326	0.0033510471676265366	0.8333333333333334	0.053434890708787375	0.0035705810148369886	0.26797385620916003	0.7779313249779751
15	15	0.6	0.0	0.428330683539786	0.44934294269008446	0.6027576998742049	0.5976262159294512	0.7267914524421593	0.8765148561201446	0.4321968048633069	0.03431708991077557	0.6392150260575651	0.3671140472670494	0.7167755991285425	0.46424556143433937
16	16	0.23225806451612904	0.0	0.09983248542907992	0.055987680461051785	0.19469335235043875	0.5031302025714393	0.4808124962117022	0.5879557322476019	0.11162365388004547	0.17117117117117114	0.25606501692498723	0.04038342342423749	0.433551198257087	0.6200919943631027
17	17	0.8838709677419355	0.0	0.24627396763420178	0.9089764585150986	0.9379009023366842	0.4409620973453328	0.9043198082401167	0.9730267028803522	0.24590857915644002	0.01142494446207553	0.8635129287292695	0.880578039872042	0.9143064633260722	0.18373688714281883
18	18	0.11612903225806451	0.0	0.00478612876754315	0.026086906533330064	0.13229330994615912	0.3479864191808726	0.2420080185640392	0.3844258878107566	0.007275828121168579	0.0	0.11430329671993425	0.019315492050192812	0.23456790123458116	0.7276509629110242
19	19	0.6451612903225806	0.0	0.10433347642913238	0.6229735914414174	0.7383476766756029	0.3308431941336546	0.6604424709823169	0.8961564676588565	0.10626094252315159	0.004752475247524753	0.6205411647373715	0.5482087636046016	0.708061002178654	0.39451327158478317
20	20	0.9161290322580645	0.0	0.4157847004770327	0.9163143456127345	0.9408791076065091	0.44968192199482027	0.9326434205611585	0.9810224426178705	0.4162463408965048	0.016546833448241902	0.9224573457499654	0.8861321593786459	0.9389978213507628	0.13529837306617323
21	21	0.8774193548387097	0.0	0.23942633169772035	0.9081740367885328	0.9374763351472607	0.43784986338139104	0.900328164489741	0.9713584633004989	0.23807610786722813	0.003864319450407901	0.855903350123125	0.8797876368983076	0.9099491648511264	0.18511421063562164
22	22	0.7548387096774193	0.0	0.21612994571180733	0.7428535489277194	0.8217863591560169	0.5267864485608522	0.8120972857476714	0.935874929676622	0.21909377241366085	0.06431986093003042	0.7416958612255491	0.6776463978617908	0.8213507625272347	0.38217027978776485
23	23	0.7935483870967742	0.0	0.21234076976922123	0.8077544347811153	0.8673610182594168	0.5230233536004063	0.8120972857476714	0.9480102824061859	0.211739241977815	0.006294256490952006	0.7757688091889217	0.754132268755927	0.8387799564270175	0.3700406323608168
24	24	0.8129032258064516	0.0	0.2516316073162914	0.8267661496839116	0.8801628633457691	0.460246590781527	0.8047354015357606	0.9536786204539667	0.250918025872482	0.00974878140232471	0.8006428373176595	0.7763526344409781	0.844589687726945	0.3146951768786901
25	25	0.025806451612903226	0.0	0.0026759653458080586	0.00041357771747136144	0.010341782018298558	0.42064803929995476	0.05711290421515747	0.1092846314724375	0.003435105404150441	0.0	0.035810476037206884	0.0002686122715959165	0.04865649963689522	0.513363209061582
26	26	0.14193548387096774	0.0	0.034707795407756176	0.024928053928917306	0.12769253510380293	0.6067665053420532	0.3292066351521048	0.43855717894678564	0.04179193183861886	0.023715415019762844	0.15430322599908147	0.018064814384248836	0.3042846768337073	0.6273367696961787
27	27	0.11612903225806451	0.0	0.0402060065450319	0.015627967385916413	0.09972384037618552	0.6451514915280663	0.3666360152228043	0.3823793579505323	0.04529989697219156	0.17543859649122806	0.1246042912920226	0.01136300616604348	0.31590413943356	0.4193060049639049
28	28	0.12258064516129032	0.0	0.04929837269992917	0.01412738846710744	0.09164967076541841	0.6039891881759013	0.4781206161120566	0.395456867294721	0.06373935515326268	0.5052631578947369	0.1521241114650736	0.009714730363198707	0.3827160493827213	0.5660846203180566
29	29	0.7354838709677419	0.0	0.38297084620315286	0.6264674451099131	0.7363864075709778	0.5720468506346658	0.772188123967315	0.9292712709294623	0.39582161079937944	0.049427917620137304	0.7588713383940049	0.5453312806086641	0.7966594045025446	0.22905997699917524
30	30	0.14193548387096774	0.0	0.06107098541914842	0.02247960377745713	0.12034106225568278	0.6009170275110617	0.4232649544852207	0.4374257652603729	0.07043228846225306	0.2845849802371541	0.15852195035310002	0.01615455315991011	0.360929557007996	0.5400646198577397
31	31	0.13548387096774195	0.0	0.023076245604032045	0.02297692157462137	0.12261824187401399	0.3161423661091559	0.45422511684173883	0.4259734373885845	0.028323112338189887	0.1038961038961039	0.1424632101112123	0.01673466690169767	0.3754538852578133	0.6667916178004203
32	32	0.4451612903225806	0.0	0.2406067709036996	0.2089746145080477	0.3935966996651	0.7118801387264935	0.576999210456401	0.7904695054778137	0.26492300274862	0.052173913043478265	0.4898978310922069	0.15868847322369772	0.5787944807552701	0.23969157726637952
33	33	0.30967741935483867	0.0	0.07629466730754311	0.12200960485787421	0.29737296791317347	0.7114329282204965	0.44379273560323873	0.6793422046148568	0.08729024823942784	0.056122448979591844	0.3229729904693293	0.09173108060157	0.44807552650690763	0.38943519712930436
34	34	0.32903225806451614	0.0	0.1275862194968256	0.1158621682208201	0.28755842537854304	0.67167337232153	0.4674272521900471	0.6977132974762581	0.14125480843132512	0.0497737556561086	0.3594768713564617	0.0859259213434792	0.46986201888163426	0.4136082517466836
35	35	0.6516129032258065	0.0	0.08952083891151165	0.7074480896433256	0.7985449798718743	0.30125016730876764	0.7064553869173156	0.8990234594709182	0.08921018028352004	0.0011648223645894	0.6177102752753951	0.6402420040091987	0.7312999273783625	0.7806740585583817
36	36	0.632258064516129	0.0	0.10450801413055506	0.6561520192578133	0.761517872120333	0.38182700117052626	0.6733886137061886	0.8911298619038468	0.10453393733271912	0.004947433518862091	0.6077448523574558	0.5828025146008288	0.708061002178654	0.8310192425420331
37	37	0.5935483870967742	0.0	0.09491820252064141	0.5307836690038761	0.6708855565129482	0.43487671987890164	0.6132609730553176	0.8739617518478408	0.09674242206020688	0.005610098176718092	0.5729316787574634	0.45357505423941064	0.663035584604218	0.7121543362005178
38	38	0.13548387096774195	0.0	0.01580861034883361	0.027532392889583493	0.13547436542221308	0.3586533392551777	0.46212463628916023	0.4266878404984562	0.01799882028365517	0.3116883116883117	0.13787173880671866	0.020203804223305977	0.3798111837327587	0.7771873264296316
39	39	0.7161290322580645	0.0	0.14574384946243754	0.7587545567790472	0.8335907269750183	0.33677518607647344	0.772188123967315	0.9230915090119678	0.14583579974513688	0.002895752895752895	0.690395080659693	0.6970938616066069	0.787944807552653	0.7132080660459319
40	40	0.6129032258064516	0.0	0.15503715891487832	0.5774847873928968	0.7036119792580399	0.29916912143282165	0.7064553869173156	0.8828666322626002	0.15455113196347137	0.02894736842105263	0.6021880306701421	0.49838459374908867	0.7138707334785797	0.7833574720728607
41	41	0.7354838709677419	0.0	0.15341517110108116	0.736803988806032	0.8184182920912332	0.4655135948730678	0.7686293452098307	0.9295841981241276	0.15497229205631793	0.016475972540045767	0.7111226607500893	0.6721559304079405	0.7952069716775625	0.4332872585745514
42	42	0.7096774193548387	0.0	0.14549422208801224	0.7458403742266231	0.8240001102482799	0.4125246631935142	0.7650818821240715	0.9209661333387211	0.1429101166073145	0.006879606879606879	0.6872859411927201	0.6812954688553288	0.7821350762527259	0.8124945532450694
43	43	0.7612903225806451	0.0	0.15020020083041882	0.7852067058402968	0.8524908541454879	0.30383838752117576	0.7615456808258863	0.9380401762187955	0.15061260300553217	0.009400370317618572	0.7332190548021009	0.7287269024366365	0.8039215686274541	0.3909163017841153
44	44	0.1870967741935484	0.0	0.05316077681886549	0.044234972116930275	0.17366119556369405	0.2833474680110086	0.4998667847601763	0.5218187390931958	0.06118538213848021	0.1793103448275862	0.19488601454464116	0.03242566875767622	0.42338416848221283	0.85217283466685
45	45	0.14838709677419357	1.0	0.010072089110449628	0.04764929356305376	0.182135999025684	0.4427674089835373	0.2630022667696632	0.4531011215914181	0.012084080357465969	0.021739130434782608	0.1457401707354674	0.035527908677075004	0.26434277414670926	0.8125017125508958
46	46	0.7677419354838709	0.0	0.17898932066730733	0.7814769055042334	0.8495004827372001	0.47682614709031435	0.782932898292795	0.9400200361561994	0.17974425236596525	0.009243697478991597	0.745768977987576	0.7236704893343145	0.8155410312273086	0.3343311716432617
47	47	0.03225806451612903	0.0	0.00026876664411613395	0.002488162651378556	0.03584797159109811	0.4075489098224677	0.12244530005001808	0.13674721686620245	0.0005119895011026626	0.0	0.031811523802797004	0.0018310058859163291	0.10675381263617267	0.6783092256227338
48	48	0.39999999999999997	0.0	0.07405102133456598	0.2628511180751278	0.4519738402406411	0.6849606883365291	0.44899469377877965	0.7598475710364092	0.07937111558371251	0.0	0.38661941052169174	0.20819276208326154	0.49164851125636355	0.4583817776248616
49	49	0.4258064516129032	1.0	0.0331482740732691	0.3738466312113788	0.5497505313447308	0.31775242361238387	0.4647722973235784	0.7792498888938845	0.03465345723468394	0.0	0.4000732438861417	0.30614825255547135	0.5127087872185996	0.749387560038229
50	50	0.12903225806451615	1.0	0.011299357184566925	0.02475777861883116	0.12746401237228652	0.4264229211726777	0.4081568912792033	0.41259439974102674	0.013106080659149746	0.057142857142857134	0.1356271226443768	0.018004465954955463	0.34713144517066863	0.6964255717137318
51	51	0.4193548387096774	1.0	0.06867262052431863	0.30762007515188616	0.49171990324730286	0.2376734121016558	0.5799725692700877	0.7745412835623832	0.07165868094059369	0.1034965034965035	0.4088773694351287	0.24574626385418036	0.5693536673928883	0.8311066628649528
52	52	0.896774193548387	0.0	0.24436660857625073	0.9328037629626108	0.9546676884757737	0.3815312808981335	0.9123436887281597	0.9763020233261198	0.2427187879259367	0.00986639260020555	0.8737783721132857	0.9120739324136726	0.923021060275963	0.2391005138172352
53	53	0.6903225806451613	0.0	0.13545365248916838	0.6844561725621982	0.7819308972591883	0.5747328149274199	0.7233756702453187	0.9136231334919215	0.136433350129999	0.010384215991692628	0.6655177164794643	0.614109256730451	0.7559912854030535	0.46013213564830613
54	54	0.7096774193548387	0.0	0.11080297600400549	0.7286762620943976	0.8134122606795504	0.4756758773796474	0.6964283592317226	0.9206851692549197	0.11132529780271817	0.0029484029484029483	0.678978748579864	0.6640367282933766	0.7530864197530911	0.35387219598758496
55	55	0.6709677419354838	0.0	0.1845616552302755	0.640602507787453	0.7491467955552297	0.27392962072990806	0.7233756702453187	0.906415339358851	0.18727726071599496	0.003296703296703297	0.6618327563208868	0.5642129488478613	0.7472766884531621	0.5875519453596657
56	56	0.5612903225806452	0.0	0.1553680896847829	0.47736466562157426	0.6284792081304497	0.43976967519119925	0.6508353786442398	0.858715604814221	0.15632618545992735	0.006269592476489029	0.5610508759254837	0.3986908953427618	0.6659404502541799	0.7417372180288456
57	57	0.25161290322580643	0.0	0.02816097547559979	0.10345289390132255	0.2732630705426566	0.754238807415086	0.34073772634183963	0.614528323057436	0.03160391602795432	0.0	0.2549251561014512	0.07781275512512661	0.3609295570079998	0.7073747589924833
58	58	0.4774193548387097	0.0	0.1297481076567953	0.3352642389319949	0.51391052655063	0.5098348535325429	0.5979963707848177	0.8126227698376192	0.1335235087229797	0.025945945945945945	0.48428030187091026	0.26806096681121483	0.6034858387799618	0.6803469135354407
59	59	0.3032258064516129	0.0	0.026811060626222384	0.17594271085130075	0.3635431349435351	0.489344613680259	0.45422511684173883	0.6743500954529751	0.02881538457062721	0.021276595744680847	0.2942359870318733	0.13582397352396422	0.4509803921568707	0.7762806393881045
60	60	0.27741935483870966	0.0	0.029886105310074438	0.12732266031128128	0.30576533914817444	0.3476376441745296	0.29990460946468067	0.6456051465797745	0.03266538559016914	0.0	0.2738693017123079	0.09684535620896641	0.3464052287581836	0.5552859361162465
61	61	0.5225806451612903	1.0	0.10852791270343687	0.4593355768373519	0.6157690118845728	0.5016641894780242	0.6318796807574514	0.8388822078347402	0.11118993027251468	0.0054200542005420045	0.5107422837761557	0.3829246276207305	0.6405228758169976	0.6968652014752632
62	62	0.7225806451612903	0.0	0.14669398177379142	0.7704322945938987	0.8416145514030869	0.5652742004275925	0.7974210133510238	0.9253922871640061	0.1456442812022274	0.01042983565107459	0.6964080363483827	0.7104503720012773	0.8010167029774891	0.6322223160557775
63	63	0.4064516129032258	0.0	0.2613664657276723	0.15984903694438032	0.33820277172992574	0.46847625616897637	0.5593392611387471	0.762485683687891	0.2791996168255254	0.08333333333333333	0.46957997725664086	0.11791670468069015	0.552650689905597	0.4259452981189876
64	64	0.7870967741935484	0.0	0.35230347610602947	0.6742511697362826	0.7708691811959945	0.3943644799179437	0.7937814868629665	0.9459787112933453	0.3581334302727332	0.01839264294282287	0.8027955823845638	0.5970294486900505	0.8286129266521451	0.22850962872091019
65	65	0.1870967741935484	0.0	0.10084236116514443	0.029403892809839252	0.13890382978678892	0.2793598906117384	0.5026193678183712	0.5201149234875041	0.11280819291054411	0.4000000000000001	0.20675373725036156	0.021183828838193218	0.4248366013071945	0.3799809810988486
66	66	0.7483870967741936	0.0	0.2557722170348556	0.7097969092212612	0.797659361936828	0.4542954231344606	0.7371031465779905	0.9337766257531155	0.2564789106541253	0.005305039787798408	0.7455143596090954	0.638809752665461	0.7879448075526543	0.31845415527921844
67	67	0.9612903225806452	0.0	0.3930156367758524	0.9684921909125492	0.9779605856009682	0.4788137428473059	0.961653071934959	0.9915946683877054	0.3910115157405808	0.017718120805369126	0.9588127846383163	0.9567473448696475	0.9694989106753813	0.19411248108036996
68	68	0.5419354838709677	0.0	0.09640524481114413	0.49575309372158344	0.6448723730988911	0.31975504040033115	0.6163410708428367	0.8489740080548415	0.0999550627144545	0.006722689075630252	0.519777334242864	0.41949526633849205	0.6412490922294891	0.605420654021173
69	69	0.7225806451612903	0.0	0.13470328730004977	0.720510213862764	0.8072113337668504	0.4707671384187202	0.6766498557664002	0.92514796800141	0.1358101410849849	0.00663716814159292	0.6975035018831797	0.6540481663357329	0.750181554103128	0.38069121238304093
70	70	0.6258064516129032	0.0	0.26777639082319765	0.425920635264367	0.5864464145301963	0.5410844200557455	0.7064553869173156	0.8876388905409021	0.2739903080340711	0.10730065221965075	0.6520461230684085	0.34775067507756063	0.7196804647785073	0.26238087997287485
71	71	0.37419354838709673	0.0	0.3134494899365389	0.1135782507641384	0.28340896909830987	0.37831994581175216	0.6071280752450132	0.7377138696278733	0.33689853298708583	0.396259497369959	0.41591845121411114	0.08352999004813921	0.5613652868554866	0.4099772100750475
72	72	0.7096774193548387	0.0	0.40890981969532203	0.6126245302521712	0.7256889943840455	0.42467675584144543	0.7267914524421593	0.9202757089129964	0.419969041517726	0.05503685503685503	0.7408368066684166	0.5297689172953786	0.7661583151779265	0.16948978070116927
73	73	0.7354838709677419	0.0	0.1562740385765536	0.7815357771862169	0.8493146546164884	0.41020379001510315	0.8157961836687777	0.929736665284714	0.15606156060184703	0.015560640732265445	0.7105818014073499	0.7233872003289767	0.8140885984023256	0.6229573185432018
74	74	0.7677419354838709	0.0	0.21852283077834173	0.7979648835608476	0.8599851653900231	0.4098812715256671	0.8496356062341452	0.9401803681565482	0.218801307877078	0.017647058823529415	0.7517794331232348	0.7415075140781879	0.8416848220769799	0.49750668069208015
75	75	0.21290322580645163	0.0	0.06105980574215256	0.043513568211875256	0.17207772805339988	0.3401075739624857	0.4334732894796345	0.5607337910411393	0.06810576112677492	0.2245989304812834	0.2246203264562326	0.03186184317527863	0.398692810457524	0.3497010230546606
76	76	0.8451612903225806	0.0	0.47381450570170125	0.7466741940926312	0.8208215900163296	0.47061934326801785	0.853457689774586	0.9626662775804001	0.4777245446256036	0.02359472588480222	0.8711463880707158	0.6760714699216803	0.8779956427015267	0.08083354730841763
77	77	0.8516129032258064	0.0	0.3313918811903425	0.85979469897914	0.9021298154115893	0.37919124555071776	0.8382446676037665	0.9644868956661947	0.3316805260581512	0.016404647983595352	0.8500278174831606	0.8152327858976045	0.8750907770515635	0.20830488842296743
78	78	0.2838709677419355	1.0	0.016425479928492564	0.17389356873964942	0.3623915650907009	0.20911316281490608	0.32691808908456377	0.6533690166519945	0.01855393235681706	0.0	0.26827064577163046	0.13498304823552945	0.3674655047204187	0.6844088843890668
79	79	0.8580645161290322	0.0	0.27309032002031997	0.8446601346947948	0.892233857728982	0.5575235516940229	0.8420291570829384	0.9662723186952231	0.2738195131083293	0.00807990124565144	0.8489004715981816	0.7976000194655535	0.8794480755265088	0.17925132389390608
80	80	0.7806451612903226	0.0	0.19813454150060925	0.7839622220156217	0.8506640504527891	0.4430044725505991	0.7901536630324268	0.9440856778227645	0.19803314269389544	0.013006367700853543	0.7645961743112109	0.7256358702340083	0.8242556281771993	0.28079598084996105
81	81	0.0967741935483871	0.0	0.06545707222667473	0.006475700384760607	0.05791600286543007	0.5068586357613702	0.3786554695654816	0.33140013327405604	0.09034714430356226	0.35	0.13277678291820885	0.004216142589871117	0.3144517066085777	0.5501473573001244
82	82	0.632258064516129	1.0	0.13389352688376102	0.6430282727765155	0.7519624793523154	0.5745452431326631	0.6997603859214827	0.891049723780805	0.13667736474275133	0.006184291898577611	0.6094974646837545	0.5684174919631176	0.7204066811909979	0.5095529168619404
83	83	0.5612903225806452	0.0	0.11088718546559202	0.5418823677831794	0.6786678381301021	0.4214094742555264	0.6225287672909778	0.8589056405782891	0.11396218394384763	0.0015673981191222574	0.5419670193941872	0.46405413334006657	0.6528685548293445	0.7351711376187233
84	84	0.25161290322580643	0.0	0.0962835623469209	0.0538576024134583	0.19090414774653994	0.3835681028649088	0.4916551039212944	0.6127827525372135	0.10691054517363364	0.28461538461538466	0.2801235305469963	0.038884925009379984	0.44807552650690496	0.509947978679886
85	85	0.6451612903225806	0.0	0.16834779665614755	0.5675062544343502	0.6963688909271619	0.5489620649673793	0.6413148366875872	0.8961391943135604	0.17404050703889148	0.0023762376237623766	0.638837817545667	0.4882693750618767	0.6993464052287632	0.4744194009544203
86	86	0.7612903225806451	0.0	0.3289271804165224	0.6569475178114431	0.758382360884097	0.6428249055544831	0.7371031465779905	0.9378060267015016	0.3305271905667449	0.00256373735935052	0.7804517847073005	0.5780381486646222	0.7937545388525817	0.26664056292762606
87	87	0.9225806451612903	0.0	0.4616199188339779	0.8723632916854843	0.9090063406484638	0.5468002886389547	0.9123436887281597	0.9825323079423188	0.4595131027333906	0.012820512820512822	0.942111823655112	0.8275991521041117	0.9346405228758179	0.07185469083462148
88	88	0.6580645161290323	0.0	0.30714956475212885	0.48496164988155577	0.6324692099716491	0.3488867625541393	0.7131919717702662	0.900908855875893	0.3132146659610245	0.15305539691604797	0.6821024413811856	0.40368969795765447	0.7371096586782895	0.20438217763975852
89	89	0.896774193548387	0.0	0.5204953508274036	0.8056610044617936	0.8614418567289198	0.5298172817011693	0.884495312896961	0.9761403075705618	0.5261727758119569	0.01356628982528263	0.9325455328697381	0.743967594101613	0.9128540305010906	0.07598807188859863
90	90	0.4451612903225806	1.0	0.08168631505301491	0.34355613988951555	0.5232488979917769	0.26840133338810124	0.5026193678183712	0.7920349806983239	0.0882528848768348	0.002484472049689441	0.43423303365857485	0.2777412463777655	0.5417574437182355	0.511543202387742
91	91	0.7032258064516129	0.0	0.13788285733351896	0.7422407135524577	0.8224404937391163	0.28449987780715524	0.7937814868629665	0.9184561964807114	0.13854636005745427	0.012010008340283568	0.6746547163329117	0.678743475991132	0.7908496732026158	0.5745398378056663
92	92	0.12903225806451615	0.0	0.09149265770093408	0.007255603637761245	0.061455320235075356	0.4895103381561183	0.45422511684173883	0.4060182329098929	0.12754971243604163	0.3714285714285715	0.17865649757015678	0.0046879116782713	0.3725490196078496	0.2921827106906994
93	93	0.7612903225806451	0.0	0.17159447432756625	0.8163471009466251	0.8735121136940142	0.3058074501190759	0.8382446676037665	0.93817465253012	0.17002396610360757	0.015382424156103119	0.7360282798804823	0.7648007136898397	0.8344226579520708	0.5773418407012298
94	94	0.5096774193548387	0.0	0.058660311535079446	0.4319578046005371	0.5962650595987331	0.23753738928646914	0.5391186191700332	0.8315574409539223	0.06158928089369186	0.00189873417721519	0.4859680444672621	0.3593344496452501	0.5889615105301453	0.5241464074560397
95	95	0.8451612903225806	0.0	0.19065366720247476	0.8856086685463107	0.9221420849182618	0.47447977997468016	0.853457689774586	0.9628276969752805	0.19015927432791196	0.016655100624566273	0.8177693626441191	0.8514800552119636	0.8779956427015267	0.27808466187288666
96	96	0.8129032258064516	0.0	0.20225112272482015	0.8350795729498798	0.8866071367360374	0.3430685813017522	0.8120972857476714	0.9537503496648054	0.2029190071484077	0.00974878140232471	0.7901874136490044	0.787660179914346	0.8474945533769087	0.3613499492290858
97	97	0.9483870967741935	0.0	0.2945723343600321	0.9749800523732618	0.9837122670285896	0.38307991091210003	0.944990680129683	0.9886534521832505	0.2916011537886193	0.015995587424158856	0.9309279670881074	0.9679428830870288	0.9578794480755273	0.1752768220383387
98	98	0.7870967741935484	0.0	0.25812707562818427	0.8195822202485458	0.8743814858572121	0.38558980060817954	0.8496356062341452	0.946187475883983	0.25641680706058284	0.012794882047181128	0.778068208782801	0.766310081236879	0.8503994190268711	0.6057103435705543
99	99	0.7806451612903226	0.0	0.23106493015157156	0.8271569673171444	0.8802867439099499	0.42178244412124527	0.8572924292207902	0.9441900010321337	0.22976343146353317	0.014632163663460235	0.765191114193831	0.77660187811635	0.8503994190268711	0.6203920820226871
100	100	0.7677419354838709	0.0	0.20150370266914905	0.8174775724121708	0.873886612516058	0.35557943144419535	0.8420291570829384	0.9401825495126858	0.200486240144705	0.01680672268907563	0.7484631591283353	0.7654507022726941	0.8387799564270162	0.5887981520796148
101	101	0.7612903225806451	0.0	0.2653122376781332	0.775973719059425	0.8438847996120614	0.47085350517842256	0.8307128522082303	0.9380581491199229	0.26791784207232155	0.015382424156103119	0.7547002192262888	0.7142523948609428	0.8315177923021075	0.5331232131288793
102	102	0.9096774193548387	0.0	0.24535328544593227	0.9482772008512139	0.9655672660966211	0.39168217589500354	0.916376063302796	0.9794731683280992	0.24305534639987228	0.00479472580161822	0.8862563417798872	0.9328452104343099	0.9302832244008721	0.1905339971102366
103	103	0.2	0.0	0.25880440024718654	0.02211250804696418	0.11268268597274252	0.33394303987439267	0.5026193678183712	0.5355254711980217	0.32026840303671383	0.16935483870967744	0.2786217201564559	0.014277108173954046	0.43064633260712193	0.3318759483209455
104	104	0.7548387096774193	0.0	0.15635227014346614	0.8151133157125019	0.8726795297142076	0.3804354580700071	0.819507130117314	0.9361687485500955	0.1542987864148306	0.013037809647979137	0.7283931901428471	0.7633566217196821	0.8242556281771984	0.663946688169424
105	105	0.7354838709677419	0.0	0.18286967602098933	0.7721085558685017	0.8423736894552812	0.3095739772809906	0.8010722992138408	0.9296958453498185	0.18167958982584437	0.006407322654462242	0.7159613324526424	0.7117206384087068	0.8082788671023982	0.7016279834933301
106	106	0.9483870967741935	0.0	0.2945680823711047	0.9761356691424633	0.9845298869881801	0.4224339682568312	0.949134768969377	0.9886471999684961	0.2915117573737167	0.015444015444015444	0.9313778912679291	0.9695396480071554	0.9593318809005085	0.18347187884271463
107	107	0.7999999999999999	0.0	0.27496331633421767	0.8266038918414054	0.8789410248096987	0.5770093124565803	0.8650001281076785	0.9500769117378532	0.2743148735668838	0.015483870967741935	0.7931374761544789	0.774250483622554	0.862018881626726	0.6433704543413079
108	108	0.37419354838709673	0.0	0.0459153312597842	0.25960494632428127	0.44871991240663156	0.3811905491558754	0.40069326696931595	0.7395234605245222	0.051103960660704655	0.0035067212156633543	0.36360279482604513	0.20526547307090176	0.4524328249818552	0.7566055003885882
109	109	0.025806451612903226	1.0	0.0010854942102044261	0.0009221159797016135	0.018775694252975424	0.38484171477372897	0.11886703766676132	0.11068518186382334	0.0020341551183531027	0.0	0.0309834826540141	0.0006435236842435212	0.1016702977487356	0.3460954886220199
110	110	0.7096774193548387	0.0	0.13423292230605333	0.7637286724588863	0.837208402575192	0.4835030975192732	0.7865374855063196	0.9208557165732093	0.13320664593371032	0.013759213759213757	0.6814243140077427	0.7031001783079597	0.7908496732026162	0.6336891242229123
111	111	0.6838709677419355	0.0	0.10929559998883875	0.7365581720703862	0.8186397313952423	0.5036376383363336	0.7615456808258863	0.9114702429078506	0.1087791521038688	0.007406101216716628	0.6523139209671964	0.6725443570936078	0.7690631808278892	0.7031505403894804
112	112	0.7677419354838709	0.0	0.20495091355971112	0.8186049029283733	0.8744923941450965	0.35747360251465765	0.8382446676037665	0.9402344583612597	0.20206638192824286	0.013445378151260503	0.7493218095952692	0.766502747019991	0.8373275236020346	0.6811628747807821
113	113	0.7870967741935484	0.0	0.24374096579798363	0.8211994943900918	0.8756877837025384	0.3742398584614144	0.8496356062341452	0.9462298586061713	0.24309029444489338	0.010395841663334668	0.7753571028657971	0.7685808094666099	0.8503994190268711	0.6678936705229424
114	114	0.7935483870967742	0.0	0.2593242085047955	0.8271767222483506	0.8797482244613056	0.4414620524095885	0.8572924292207902	0.9481393511419388	0.2598444161753752	0.015735641227380012	0.7835141444206841	0.7756604886025685	0.8562091503267981	0.5670618518965103
115	115	0.896774193548387	0.0	0.3029386876424116	0.9219708577935497	0.9463308985919888	0.4917159797040066	0.916376063302796	0.9762487571504875	0.30412569054321514	0.015416238437821169	0.8845651113175013	0.8963443772363326	0.9244734931009446	0.21794569277344453
116	116	0.6064516129032258	0.0	0.10903556887601182	0.5557106243357152	0.6890349308652486	0.31902573148204544	0.6381603542701657	0.8797706895346686	0.11258158375498287	0.005375139977603584	0.5884750446276137	0.47815355893282835	0.680464778503999	0.5434767990253795
117	117	0.8258064516129032	0.0	0.6620603592687102	0.7601935014833623	0.8287961448966743	0.6043639320794361	0.8120972857476714	0.9571511656950935	0.6633181865055321	0.014534883720930234	0.8659778161013505	0.6891443746801279	0.8533042846768362	0.11795003581511837
118	118	0.7483870967741936	0.0	0.16163599375642226	0.7636866756045805	0.837058430534862	0.3029702675428376	0.7475124277245708	0.9339092055745034	0.1618218694667001	0.0035366931918656055	0.7251917546492654	0.7028210972719172	0.7923021060275997	0.41698079020685347
119	120	0.16774193548387098	0.0	0.07010199574041617	0.02369294622426871	0.12182456812669523	0.5050267220650562	0.4727591643113809	0.48637851895024303	0.08505477250387887	0.017094017094017092	0.196172809101549	0.01653137949358126	0.4001452432825041	0.6532913491930393
120	121	0.8774193548387097	0.0	0.3031130765400303	0.8912812525253155	0.9248662245097292	0.5662691795139483	0.884495312896961	0.9713289994912285	0.3028202336671548	0.010304851867754403	0.8661102906427154	0.856475072173911	0.9041394335511994	0.13098344183373384
121	122	0.9483870967741935	0.0	0.3190216461463627	0.9599428945486699	0.9726016272822015	0.39457366141287736	0.9408608077182556	0.9886561079005706	0.3167830783768908	0.01709873138444567	0.9376492844866797	0.9463748366961691	0.9564270152505452	0.1435245878644642
122	123	0.9096774193548387	0.0	0.2536121377358656	0.9452203024573002	0.9633040143464452	0.42722814351108923	0.9244820292279599	0.9794808274300709	0.2512915061616054	0.008390770152831885	0.8875027249608567	0.9285129184013821	0.9331880900508358	0.17826929604898256
123	124	0.7096774193548387	0.0	0.13575699835966404	0.7592206688844432	0.8341177234677811	0.36783782682131927	0.7650818821240715	0.9208189441454505	0.13562612574998412	0.007862407862407862	0.6820862502877691	0.6979672178198353	0.7821350762527259	0.6693526075846166
124	125	0.25161290322580643	0.0	0.03522018698700963	0.09731543947095095	0.2648318084028517	0.20961958436453573	0.26087960108392827	0.6142124422859195	0.03978972690741964	0.0	0.253782762763849	0.0732111647226273	0.3086419753086569	0.5447325318102966
125	126	0.7483870967741936	0.0	0.23524544349405596	0.7315213195769166	0.8134364557292149	0.31540036557172446	0.7650818821240715	0.9338144387491093	0.23691200379512198	0.016799292661361626	0.739872208905398	0.6640759484493342	0.7995642701525083	0.43483420912707194
126	127	0.8387096774193549	0.0	0.2798831308110523	0.8366900602052209	0.8867671508358318	0.2924761277714971	0.8572924292207902	0.9610428426671656	0.2816086080641077	0.016911332941867297	0.8279200188464075	0.787942030613167	0.8765432098765447	0.26083883767019944
127	128	0.7483870967741936	0.0	0.14831067163630723	0.8128161806778014	0.8713017009132258	0.3902895334302727	0.823230184058342	0.9340803472974822	0.14623992702262903	0.009725906277630416	0.719283818612666	0.7609698162587539	0.8228031953522164	0.692695479850586
128	129	0.8387096774193549	0.0	0.2156618888651633	0.8677129270128612	0.9093704517057352	0.43280041401861924	0.8572924292207902	0.9610290442244874	0.21588287758013888	0.007046388725778039	0.8166426459062728	0.8282563441027093	0.8765432098765447	0.2563651333030431
129	130	0.9290322580645161	0.0	0.4764523158106452	0.8729587784218209	0.9090226926943469	0.6513990025869172	0.9123436887281597	0.9840814331515938	0.4765823515932622	0.01724137931034483	0.9524802312432572	0.8276286669430777	0.9375453885257816	0.07631003100997741
130	131	0.9032258064516129	0.0	0.25440117714585386	0.9353849568768946	0.9563761638251748	0.4310402260196596	0.916376063302796	0.9778851208762337	0.252193361411862	0.003647416413373861	0.8820381170784886	0.9153142697170857	0.9273783587509088	0.22592811851579409
131	132	0.9354838709677419	0.0	0.2812689727631165	0.9622590041756204	0.9748259524673828	0.32616420963975	0.9244820292279599	0.9856521888025559	0.27928037083128393	0.018138875767595652	0.9180976985817508	0.9506732516665772	0.9448075526506907	0.16196764533622324
132	133	0.8838709677419355	0.0	0.3157676823170711	0.8929855028540099	0.9259240168819832	0.18166907136404692	0.8805701954243363	0.9730204442116986	0.3231208803469414	0.008886067914947636	0.8721109334753858	0.8584186154537131	0.9055918663761815	0.08813152261316154
133	134	0.23225806451612904	0.0	0.20509582257722492	0.04199727674548063	0.16554590717136067	0.36057224177276326	0.5305759012970486	0.5855251859494269	0.23205820193685156	0.4774774774774775	0.28010461670536574	0.029588036042548404	0.45969498910675854	0.3873517539081532
134	135	0.1870967741935484	0.0	0.03253979625660072	0.03857435577831479	0.1613920412173481	0.45248432338013295	0.39821860800158393	0.5207693659174876	0.038614850569147915	0.05517241379310346	0.19948343165215837	0.028185271164339432	0.3667392883079248	0.4938279627263959
135	136	0.3354838709677419	0.0	0.13339804781767992	0.16117787251387083	0.3462415509819668	0.9522202505310434	0.4916551039212944	0.7050446901987087	0.1455430498437116	0.11756168359941943	0.3369501950009413	0.12345875052213087	0.48583877995643365	0.3899395783214316
136	137	0.8516129032258064	0.0	0.2280697812481379	0.874419283435107	0.9139682309680306	0.46484671234141733	0.892385128858741	0.9645550083739161	0.2287116773279997	0.017771701982228296	0.8298896260807247	0.8365799465059143	0.8954248366013078	0.20778143160250018
137	138	0.632258064516129	0.0	0.2984398636399535	0.5826904714048748	0.7050695332961927	0.34945657616529446	0.7131919717702662	0.8908503267390543	0.2941792704273762	0.01484230055658627	0.641257757274462	0.5004285869640077	0.7254901960784346	0.6900146821789388
138	139	0.34838709677419355	0.0	0.06375268085078958	0.20032562582085506	0.3888501089097305	0.3926007268087246	0.42073002183707886	0.7171710955770376	0.06871697314690724	0.00404040404040404	0.3491235713041104	0.15496458300367585	0.4524328249818541	0.8305489021607829
139	140	0.3870967741935484	1.0	0.03480973187789421	0.30237465468833025	0.4883701052668234	0.31788424957958017	0.4334732894796345	0.7502722003534147	0.03719978022216488	0.003278688524590165	0.36752418526397473	0.24246223678011253	0.47785039941903595	0.6268416138752222
140	141	0.07741935483870968	0.0	0.0023727434487723453	0.013037093394365939	0.0912752708033742	0.4009221038765471	0.1332778984722227	0.2848357832381982	0.003157976035239811	0.0	0.07665848658669894	0.009641296180078402	0.13580246913581018	0.8159027163141412
141	142	0.23225806451612904	1.0	0.012320422175530463	0.11334338452264295	0.28805120872349327	0.3443127079885677	0.30881803320777745	0.5901270593711454	0.01382981304320371	0.0	0.2232630242512827	0.0862163748120084	0.33260711692085465	0.8236289371895704
142	143	0.8451612903225806	0.0	0.20718561001666236	0.8792946891275664	0.9174890675282084	0.4113000759548956	0.884495312896961	0.9628613558230716	0.20598835711170577	0.022206800832755034	0.8201322524581294	0.8429819850100132	0.8896151053013803	0.3564648268284374
143	144	0.10967741935483871	0.0	0.028586229003582944	0.015571450023579483	0.09962980629924416	0.6357917170983288	0.44899469377877965	0.3680687598656778	0.03451442324516713	0.8627450980392156	0.11500488935884132	0.011343123568170238	0.36092955700799445	0.608967496731452
144	145	0.43870967741935485	0.0	0.09561993435947083	0.30010936958345324	0.4857188874878515	0.546666315222248	0.576999210456401	0.7877529479920938	0.10127192854513342	0.09718670076726342	0.425734221334282	0.2398686817819268	0.5758896151053066	0.641566578897004
145	146	0.22580645161290325	0.0	0.045601405801239295	0.07244961203185939	0.22583418001269062	0.5369231009663997	0.3315010417729558	0.5798121621917065	0.052318637516167964	0.0	0.23552798637866745	0.053764855906769306	0.34350036310821763	0.6475246269798391
146	147	0.14838709677419357	0.0	0.021548223789910285	0.024465536856260867	0.12653350187244153	0.505410874396558	0.2672633215906566	0.4511207778508531	0.03359654491234471	0.0	0.16021938507429156	0.01775720154733127	0.26652142338418194	0.7247306595164571
147	148	0.5483870967741935	0.0	0.2344690680998886	0.4038251794486605	0.5709569537916477	0.274148882413472	0.6508353786442398	0.8517952518794075	0.24523043174621972	0.047606019151846785	0.5542599692588355	0.32986124677739453	0.6601307189542525	0.3701885452605612
148	149	0.6645161290322581	1.0	0.11981110527464951	0.6781230436154921	0.7771607059122377	0.3594366314613814	0.7165759794024633	0.9039680925379618	0.12171880572835085	0.01344286781179985	0.6400892350094654	0.6067396717884199	0.7421931735657255	0.6513285173645613
149	150	0.8709677419354839	0.0	0.9308442335357333	0.8039592052844127	0.8551093825846203	0.4610726774362033	0.8688732147363649	0.9691682491425367	0.9409488930395947	0.006535947712418302	0.9862109705475106	0.7331690594027443	0.8954248366013087	0.19079648299414845
150	151	0.058064516129032254	1.0	0.005043443957947411	0.004448732838407159	0.04945343730657696	0.49698376585345166	0.19364680000243073	0.22545621430931062	0.00767359951064059	0.0	0.06450715850101868	0.0031882745883474403	0.17429193899783213	0.7730560929148915
151	152	0.25806451612903225	0.0	0.08156102772260981	0.08054284108197754	0.2386708917158209	0.4824638207111218	0.5477348755039042	0.6221445948986435	0.09168661318338948	0.1902439024390244	0.2684743953621614	0.05983422369070788	0.480029048656504	0.5970344500319882
152	153	0.5870967741935483	0.0	0.11180101392871701	0.5046388397838103	0.6512463686914676	0.3744047728125517	0.6733886137061886	0.8709608039454381	0.1152918203938996	0.020066889632107024	0.5687681590534004	0.4277094930780735	0.6877269426289074	0.48365756883661754
153	154	0.8580645161290322	0.0	0.2265808077740653	0.8860395883362868	0.9218343283759596	0.22214380743354037	0.853457689774586	0.9663414108923347	0.2244301316221631	0.01615980249130288	0.8375187082421813	0.8509166457534517	0.8838053740014542	0.2949780609239986
154	155	0.058064516129032254	1.0	0.010512134141480224	0.001353506578570604	0.022996736436820927	0.4544581025367477	0.21949653897548727	0.22264482429736349	0.014984244900331779	0.0	0.07696352723367497	0.0008837591953153166	0.19317356572259725	0.5304419090318654
155	156	0.17419354838709677	0.0	0.11573053913110218	0.02373432671296003	0.11911324984064212	0.860347293441649	0.3762389598472422	0.4939908365195979	0.14568243443114204	0.0	0.23355982438022987	0.01584537406130748	0.3478576615831612	0.5600450765654423
156	157	0.6838709677419355	0.0	0.13162043346375757	0.6545667298937758	0.7604506111021951	0.2730876033952545	0.7302179256630899	0.9112557769477985	0.13349641635637652	0.009522130135778524	0.6624652767897521	0.5811625422697976	0.755991285403053	0.45678890926428184
157	158	0.21935483870967742	0.0	0.08028589159578359	0.05001754825251497	0.18501786815214866	0.615753077200668	0.5192983859531748	0.5709437694731946	0.08995931837047179	0.19159663865546217	0.2309230238090797	0.03661383474670846	0.44807552650690385	0.5758862339637528
158	159	0.08387096774193548	0.0	0.010503745178243458	0.00859313049728986	0.07205956224750512	0.5407579840870056	0.3571328414516073	0.302158492456053	0.013000937550700637	0.13186813186813187	0.08812778658136589	0.00624881131189842	0.2955700798838148	0.6684634201329597
159	160	0.16129032258064518	0.0	0.03276507835845932	0.024770985401393907	0.1265819713400264	0.7507754299027918	0.36902733672732135	0.47500024280806113	0.04135723615506952	0.07384615384615384	0.17960410267925286	0.01776936330099238	0.3376906318082882	0.41560435067903595
160	161	0.6	0.0	0.15964649088425242	0.5328936567658338	0.6717820624911641	0.270369462239348	0.576999210456401	0.8768183275459954	0.16406573802454955	0.00549073438572409	0.5874915865413295	0.4547738053771792	0.6485112563544004	0.47639925514765225
161	162	0.4774193548387097	0.0	0.24289758278010198	0.32171776516861345	0.5026621242402398	0.5195846766067929	0.5889448862759559	0.8119873931977388	0.2562849731297935	0.06918918918918919	0.48872999439463155	0.2566181665018319	0.5991285403050164	0.35060810142630916
162	163	0.7354838709677419	0.0	0.4078916196313685	0.5725495590895028	0.6955348003720894	0.5232831016247126	0.7165759794024633	0.9289482710957542	0.41543040514725205	0.0009153318077803204	0.7850036556387068	0.4871136942230466	0.7734204793028365	0.13680489623656886
163	164	0.36774193548387096	0.0	0.19395530908376474	0.12255334569302767	0.29597816715466535	0.3892376085372322	0.5622613192267116	0.7322809849571398	0.21770685397496448	0.06896551724137931	0.40479418177636667	0.09089461988956729	0.5366739288307969	0.24735677936048572
164	165	0.3225806451612903	0.0	0.2073087064579099	0.0923356776994082	0.2547443900289058	0.15618481901575237	0.5192983859531748	0.6913357634525421	0.22459433028679485	0.12705882352941172	0.3537040887371528	0.06789566581373428	0.49455337690632417	0.3366183621497602
165	166	0.6516129032258065	0.0	0.1170136271497327	0.6336386055229266	0.7461908983714417	0.6520937860783714	0.7064553869173156	0.898756609578535	0.11981431986728003	0.024461269656377405	0.6246993249239459	0.5597923514359391	0.7312999273783625	0.4026770643290295
166	167	0.6903225806451613	0.0	0.2150497330781342	0.6950243510764001	0.787901591279327	0.4230871566674783	0.7545068497608276	0.9136349025714715	0.2177543719405036	0.013499480789200415	0.6798306784604711	0.6234546263881106	0.7690631808278896	0.5694018839420769
167	168	0.7741935483870968	0.0	0.23294654532326134	0.8086350312266455	0.8668680092076059	0.3766613423029469	0.8344725862868221	0.9422729685555885	0.2316014757759305	0.013223140495867768	0.7623303506615633	0.7533146525100286	0.8387799564270166	0.6432608856187982
168	169	0.08387096774193548	1.0	0.004858201317924536	0.012687621217517528	0.08943584825846443	0.461810205313135	0.21345985904232423	0.30252855041669713	0.006427545516448078	0.0	0.08619395506330807	0.00928547841958918	0.20043572984750635	0.5743862568765764
169	170	0.8064516129032258	0.0	0.38527715871988083	0.7194582570138685	0.8029810875021758	0.31874524400905474	0.8047354015357606	0.9517031223361295	0.3882493542780337	0.058666666666666666	0.8204619346084734	0.6472779031462111	0.8416848220769813	0.17264494138410216
170	171	0.9548387096774194	0.0	0.6790130598353532	0.8880796624989039	0.9186978236170189	0.5600402559237965	0.949134768969377	0.9900536077685588	0.6872639919929369	0.034826773081806636	0.9904281441887628	0.8451857209240932	0.9622367465504726	0.0
171	172	0.9612903225806452	0.0	0.3078637919465555	0.9845176621385027	0.9903048259114093	0.3960731752440511	0.9574658905745657	0.9915686424097175	0.30507183820659045	0.016644295302013425	0.9453794176195858	0.9808552874776905	0.9680464778503997	0.10763696073234619
172	173	0.832258064516129	0.0	0.19864550936373984	0.8677651285698016	0.9096454927409138	0.4063016371664167	0.853457689774586	0.9592551460716561	0.19819875448038837	0.01073345259391771	0.8066092125361599	0.8287531097736914	0.8721859114015993	0.3057342068799756
173	174	0.896774193548387	0.0	0.2611135409618444	0.9274306930256411	0.9506412421604858	0.36676213849234895	0.9123436887281597	0.9762958948195212	0.2601414642427824	0.016032887975334018	0.87793118429526	0.9044599007740443	0.923021060275963	0.22702330976052035
174	175	0.864516129032258	0.0	0.299158739480679	0.8789737198373008	0.9161958982139032	0.4632613832541039	0.884495312896961	0.9680295656744129	0.2986874933058952	0.019237147595356552	0.8530942831327799	0.8406277186591876	0.898329702251272	0.2351291216100626
175	176	0.9999999999999999	0.0	0.42627232070082394	0.9999999999999999	1.0	0.40008266208519433	1.0	0.9999999999999999	0.4238523267900771	0.016873449131513646	1.0	1.0000000000000002	0.9999999999999998	0.0888294566597368
176	177	0.9741935483870967	0.0	0.3492333877525949	0.9880788198516011	0.9923651326387412	0.3883445083088296	0.9743020006706158	0.9944360349166889	0.3462597512733729	0.013593586615545484	0.9649566245686128	0.9849082052692392	0.9796659404502546	0.06523753633751644
177	178	0.4258064516129032	0.0	0.03744997727780403	0.35893802192010443	0.5373479495443145	0.42378230721636334	0.45948423907102387	0.7791107690969095	0.0395625622304272	0.0	0.402112945817463	0.2926819171931628	0.5090777051561457	0.6769896764680591
178	179	0.39999999999999997	0.0	0.030823636034782248	0.33011977810183274	0.5127944577959467	0.2724570079029206	0.45948423907102387	0.7603978176608043	0.03245288880250916	0.0	0.37766926398284406	0.2669156176750916	0.49745824255629034	0.8955191286034438
179	180	0.34838709677419355	0.0	0.17803493972121737	0.16333935240484831	0.34573900297165394	0.4661105567583119	0.5949703483082867	0.7168817065039711	0.18498264575643225	0.3313131313131313	0.3666426472964564	0.12311281745231242	0.5439360929557044	0.6393016924950923
180	181	0.6258064516129032	0.0	0.20522821501297434	0.5689296773808888	0.6966745937913064	0.18871061964232413	0.7510041139227654	0.8883624892235645	0.20877745679171533	0.04796970334525563	0.6229254838748535	0.4887136354322353	0.7385620915032698	0.6258742563443858
181	182	0.6258064516129032	0.0	0.19952488850184605	0.5743891288607299	0.700651788842025	0.31944347925051275	0.744031738963221	0.888360242493311	0.20056468929448482	0.05428150641699979	0.6218728928233892	0.4942462571717464	0.7356572258533065	0.7167433249506799
182	183	0.5096774193548387	0.0	0.20751294711525678	0.3834294886466976	0.5531969685296416	0.30882066912234896	0.6733886137061886	0.8312900794410196	0.2118021094237949	0.15000000000000002	0.5246361087914571	0.3099434943871264	0.6528685548293423	0.7198805133277075
183	184	0.49032258064516127	0.0	0.29355588734066557	0.31594905519327704	0.4964411045240342	0.29263051635246085	0.7031027125391862	0.8203278202028182	0.31216787689017206	0.5023923444976077	0.5034841106487047	0.2504113559034598	0.6572258533042867	0.6065361861946483
184	185	0.5806451612903225	0.0	0.2831915318552392	0.49283626809687686	0.6385109439597859	0.40923498252846574	0.7405619957640135	0.8679210353869917	0.279381019061425	0.08791208791208792	0.5911602428654836	0.41135890671643716	0.7138707334785788	0.6074064450742644
185	186	0.1870967741935484	0.0	0.08207696561260634	0.03708355885265714	0.1571432604559894	0.4286583763296365	0.5164989179846917	0.5202790060236155	0.09606178496011408	0.30344827586206896	0.20822901771452546	0.026786979603732625	0.43209876543210335	0.5274838097714445
186	187	0.23870967741935484	0.0	0.07668296899913665	0.0714234357044285	0.22361507279785475	0.31831918408264326	0.5419824869166745	0.597742003272896	0.08378774787828998	0.460881934566145	0.24833548668232852	0.05274706219836827	0.46840958605664906	0.7115833827220892
187	188	0.7741935483870968	0.0	0.4106619856666038	0.7559081708824533	0.8285087434384313	0.29710187495003737	0.845826116049686	0.941943052092118	0.41727635080527137	0.03388429752066116	0.7874201806709742	0.6886996615451115	0.8431372549019616	0.4564830808663859
188	189	0.7419354838709677	0.0	0.14223367719429436	0.8077452721196908	0.8677360466085022	0.3555987304054272	0.8084103777712035	0.9319895559645318	0.13993056985035696	0.010794602698650674	0.7127707452818153	0.7548103640075037	0.8140885984023256	0.7707073884217848
189	190	0.11612903225806451	0.0	0.0230804134399026	0.012691361253002041	0.08779835396560187	0.5196408737301018	0.2317012896988837	0.3813423249984829	0.03110783246971332	0.07017543859649121	0.13598926180339418	0.008973960071242376	0.2273057371096716	0.4806446136416024
190	191	0.21290322580645163	0.0	0.022280964113755367	0.07218354687500102	0.22575823401129477	0.42102820067021546	0.4943846849822635	0.562455221077198	0.024612095844809945	0.1283422459893048	0.2146239214782672	0.05372972979076976	0.4320987654321049	0.8063442296438205
191	192	0.5483870967741935	0.0	0.0855707348483486	0.5061951368171993	0.6519328108274242	0.46501361267407954	0.6010313064350643	0.8524860082488083	0.08514510177064084	0.0	0.5309086545876771	0.42861859808714137	0.6368917937545446	0.7035911614756687
192	193	0.01935483870967742	1.0	0.0013486242209398071	0.0002821066984165696	0.007747749192680717	0.48183766278582796	0.13692174055944872	0.08442186199573151	0.0024776412964238725	0.0	0.027228687719002997	0.0001814640258405432	0.1132897603485914	0.7849006825877844
193	194	0.2	0.0	0.021215611641354878	0.0707856434362415	0.22413652319401553	0.16757580362190583	0.21145724877377603	0.5420140041359472	0.027621598792820244	0.0	0.20267188755469817	0.052983960141321965	0.250544662309381	0.6105367187683132
194	195	0.22580645161290325	0.0	0.07697391181804819	0.057934701475890645	0.20023723885418712	0.3395739374055227	0.5221057844258172	0.5798639531379512	0.08585657304363097	0.2761904761904762	0.23628457103526934	0.042624933306352766	0.45243282498184945	0.7053042097951949
195	196	0.1032258064516129	0.0	0.010292132019213288	0.010362390324451961	0.07897430852444982	0.6459566433644097	0.2672633215906566	0.3524773280473699	0.014195471883751788	0.0	0.11340583347955954	0.0073861384035574405	0.2461873638344354	0.7227207452897078
196	197	0.14193548387096774	1.0	0.016913877336234624	0.03564872115856456	0.15546424701795933	0.5795233709220106	0.3200873905165589	0.43928501290810196	0.020711147265364094	0.0	0.14717211452504597	0.026244048284412784	0.2992011619462711	0.571060753789729
197	198	0.16774193548387098	0.0	0.012841666339041493	0.05150448935516071	0.1893702661923422	0.4360932898265147	0.34073772634183963	0.4891490499797316	0.015028807470532755	0.0	0.16729243855407988	0.03828738227844681	0.3231663035584711	0.756468863319435
198	199	0.632258064516129	0.0	0.19098173647370315	0.6413660312416858	0.7507894015501426	0.6298287550396963	0.7131919717702662	0.8910269675779474	0.19449275305973532	0.01484230055658627	0.6109713861683066	0.5666638619695558	0.7254901960784346	0.6191038731759142
199	200	0.7741935483870968	0.0	0.23076136018707333	0.8038421151512761	0.8637931873397622	0.4560091106276908	0.8611398875374627	0.9422938650804173	0.22914521602577348	0.021487603305785124	0.7588091448442864	0.7480283866553001	0.848946986201889	0.5964338903313253
200	201	0.7225806451612903	0.0	0.20393275570326194	0.7355700735782998	0.8161099258576225	0.5541960180341775	0.8084103777712035	0.9253411412696704	0.20326876864112656	0.016118836915297093	0.7096147411915257	0.6684338914172591	0.8053740014524344	0.6168069090589194
201	202	0.7354838709677419	0.0	0.1544156966541891	0.7888444286908392	0.8543603354479123	0.3082352787810191	0.8120972857476714	0.9298072728523193	0.15223065525488214	0.011899313501144166	0.7096721676092625	0.7319276932788655	0.8126361655773435	0.7382773946635897
202	203	0.7612903225806451	0.0	0.1727017041984864	0.8210681165186493	0.8767233473956614	0.29917185138035884	0.8420291570829384	0.9382378466450497	0.16968327163357563	0.011964107676969093	0.7356826979592794	0.7703833177356227	0.8358750907770529	0.6961500429134835
203	204	0.7677419354838709	0.0	0.25656003347304907	0.7974031970317328	0.8591683950650508	0.436427661583696	0.8382446676037665	0.9403138377993332	0.25833449919094964	0.04033613445378152	0.7530849688217864	0.7401124766268554	0.8373275236020346	0.653903036519942
204	205	0.23225806451612904	0.0	0.02372706876119336	0.09862760845951338	0.2675848226427492	0.5901256388094218	0.25664989669910265	0.5890306624632329	0.02640010292108342	0.018018018018018018	0.22871740811769037	0.07469723797018438	0.297022512708802	0.6394766997761108
205	206	0.6	0.0	0.3803143307846522	0.43223932124352704	0.590679850093442	0.30771688898143995	0.6668958673553105	0.8764563578696213	0.39093726333789186	0.031571722717913524	0.6307094611331725	0.3527217925431193	0.6906318082788714	0.46852291948524005
206	207	0.8129032258064516	0.0	0.2209593729668249	0.8388022028978895	0.889061409958742	0.33767406111715836	0.7901536630324268	0.9536992413235688	0.22171415231250338	0.00824896887889014	0.7935865326928266	0.7919880410915889	0.838779956427018	0.32930337035458845
207	208	0.14838709677419357	0.0	0.027424527297824658	0.028655131698723295	0.13817970932912205	0.3960001303902875	0.4568510758178679	0.45240640465931325	0.03170569049444156	0.23913043478260868	0.15285417667412743	0.020975123163832977	0.3827160493827222	0.7782803623799724
208	209	0.39999999999999997	0.0	0.2653011664033503	0.15542079759669122	0.33594250852398194	0.7959467198792747	0.5829546094233766	0.7587001062382351	0.28396179793316756	0.14439324116743468	0.43357088315135955	0.11638153298465313	0.5613652868554877	0.40255443424560416
209	210	0.1806451612903226	0.0	0.01179531812382566	0.05253671179613702	0.19165310824682477	0.5051408618744874	0.19954136133956646	0.5111562428461175	0.015052349183085026	0.0	0.17886373973332786	0.039177953721063224	0.23311546840959818	0.5764048680845025
210	211	0.038709677419354833	0.0	0.0037115957126970653	0.002032323604457935	0.031297041073213114	0.4056146713416316	0.34306177616410016	0.16004313960802677	0.004724064047237692	0.2857142857142857	0.042169291108469814	0.0014584201927633294	0.2665214233841777	0.7768896640015811
211	212	0.25806451612903225	0.0	0.05742245112139388	0.08797672979430754	0.25019875215861304	0.6560506709812273	0.4808124962117022	0.6216350519932091	0.0670204305555143	0.13902439024390245	0.26898766812295666	0.06556271514986482	0.4451706608569417	0.4756352266260171
212	213	0.4774193548387097	0.0	0.14740041180994087	0.30684470220949384	0.48929939663537564	0.5677472692581008	0.6132609730553176	0.812061316481332	0.1581747737877632	0.0627027027027027	0.4887246817870055	0.24336100256307377	0.6107480029048706	0.4483313948813697
213	214	0.09032258064516129	0.0	0.02912929094926513	0.00880031127815022	0.07214515308122668	0.5280602288861855	0.4283553455519362	0.3190773818018356	0.03642137736521012	0.057142857142857134	0.10142303303485026	0.006262454897707545	0.34059549745824924	0.6905977812517673
214	215	0.7677419354838709	0.0	0.1446902682892723	0.7961162254142653	0.8602061716044421	0.359157193849199	0.7686293452098307	0.940095483723538	0.144233922011749	0.007563025210084035	0.7383803515191996	0.7418540267807545	0.8097312999273816	0.44641016911600806
215	216	0.5935483870967742	0.0	0.07179315996993266	0.5652354902099256	0.697103413601754	0.5696338453596019	0.5829546094233766	0.8739660222666005	0.07333558855463958	0.001402524544179523	0.5649894509091853	0.48928828498372634	0.6485112563544002	0.6264872250951115
216	217	0.23870967741935484	1.0	0.029310332256234504	0.08559283578655935	0.24675606090649255	0.40890258433063764	0.4674272521900471	0.5982348056574487	0.03124530016926015	0.07681365576102417	0.24254494114571518	0.06382688235283686	0.4299201161946322	0.8748633756632738
217	218	0.19354838709677422	0.0	0.045608925448600825	0.04411654056453014	0.17290770521723411	0.2800834373942469	0.5053796828514483	0.5319472969588426	0.05064885330514828	0.15483870967741936	0.2049771430135819	0.03215683505996251	0.42919389978214006	0.7497058777750796
218	219	0.632258064516129	0.0	0.08571332182245885	0.6126741417537156	0.7313717600216914	0.652927753448965	0.5979963707848177	0.8908553212356978	0.08736794901830498	0.0012368583797155224	0.6031863080384094	0.5380078346944815	0.6732026143790915	0.4662451635442575
219	220	0.22580645161290325	0.0	0.02665004632133303	0.08369922203429805	0.24488090495757714	0.6216230820718516	0.29108043151625895	0.5804126441532623	0.031001555744800565	0.009523809523809525	0.224915152730561	0.06288742823617664	0.3173565722585465	0.5221211098825566
220	221	0.32903225806451614	0.0	0.06289727514688091	0.1557677090005314	0.3390005500599185	0.30054155153964796	0.5710783856488857	0.6995103897970881	0.066883233998651	0.13122171945701355	0.33367152319079124	0.118465395457466	0.5236020334059595	0.771047888193525
221	222	0.36774193548387096	0.0	0.21595947171306473	0.17548155755042438	0.3612112586607396	1.0	0.5391186191700332	0.7333191221285275	0.23516637397759735	0.10526315789473684	0.3815591562193938	0.13411840864851182	0.5250544662309427	0.5386526944045704
222	223	0.6645161290322581	0.0	0.129700656821878	0.6823909126273788	0.7794923447439259	0.47352326282856033	0.7336551401793847	0.9041940099252714	0.12819400566780947	0.014563106796116504	0.6432715176649053	0.6103488623210486	0.7487291212781437	0.7705261107521485
223	224	0.05161290322580645	0.0	0.002676504737259578	0.005635896073028353	0.05719659189839246	0.4268061211869777	0.34539182353428943	0.20562900507763746	0.003553257004960343	0.0	0.052018990190719816	0.004123353294045132	0.27378358750908727	0.889870957293961
224	225	0.3419354838709677	0.0	0.06819027021182339	0.17767606855634693	0.3637930045403858	0.5333247672724138	0.576999210456401	0.7117457278668254	0.07174084120888671	0.14255765199161424	0.3456644612797035	0.13600649144984778	0.5323166303558504	0.8645181670952886
225	226	0.7548387096774193	0.0	0.22145413307730052	0.7822861120151159	0.8483625618680632	0.4490590554475942	0.8157961836687777	0.9361945666444319	0.21873175475481865	0.006084311169056932	0.743731057862798	0.7217812910129083	0.8228031953522168	0.6893624984311411
226	227	0.37419354838709673	0.0	0.1401290253394976	0.21709094527046782	0.40332877156487046	0.328006204034566	0.5799725692700877	0.7390549127247363	0.13829891165926417	0.08065458796025718	0.3931735760825739	0.166482104066469	0.5482933914306505	0.7377503756663029
227	228	0.2645161290322581	1.0	0.1196029903102487	0.10256250533088968	0.26893750968794383	0.21157116481743174	0.5164989179846917	0.6286286236087352	0.14002134882953704	0.1672473867595819	0.2962191460827579	0.07543582654941072	0.46768336964415935	0.7371435809684843
228	229	0.16129032258064518	0.0	0.054305835880150546	0.02429125790026178	0.12519291439221328	0.6956410932836896	0.4889331261501886	0.47622640027608415	0.06458646617733338	0.12923076923076923	0.17740298413660543	0.017403742401916503	0.4059549745824309	0.7213600144344777
229	230	0.7290322580645161	0.0	0.14938932911495095	0.7883184609348938	0.854168228525571	0.34262631230963897	0.8047354015357606	0.9276047621113271	0.14760278823184447	0.011178388448998603	0.7016591780798171	0.7316016134610216	0.8068264342774165	0.7383060211289207
230	231	0.4064516129032258	0.0	0.13165189854779397	0.23564924875686055	0.4243280933519355	0.3857778052271674	0.6318796807574514	0.7642819532676673	0.14006963769970476	0.375	0.41031187536805674	0.18391339253482494	0.5875090777051593	0.653687195263895
231	232	0.7225806451612903	0.0	0.14429564512941292	0.7775190364197931	0.8466037617430443	0.36364122787583775	0.7974210133510238	0.9254195982862793	0.14226064335590444	0.00663716814159292	0.6954336355403246	0.7188193805640586	0.8010167029774891	0.7273142324756152
232	233	0.06451612903225806	1.0	0.003402119503342269	0.005809904617999883	0.05786451761054422	0.31661717794734934	0.16101838805863444	0.2459131322893704	0.007654362985240344	0.0	0.0682503639679351	0.004209575367758812	0.15323166303559388	0.48537664865239166
233	234	0.7225806451612903	0.0	0.1749468467020609	0.7544356160127216	0.8297197918891847	0.1825645229709753	0.7865374855063196	0.9254327531393366	0.17232857760282747	0.007585335018963338	0.703779080908395	0.6906955616631664	0.7966594045025437	0.7291206717463606
234	235	0.7741935483870968	0.0	0.18858784298036813	0.8282377262579758	0.8814188536993628	0.3321379327352216	0.8382446676037665	0.9423266404478796	0.18538080880849528	0.011570247933884297	0.7509366389286745	0.7785827967896378	0.8402323892519983	0.7206562132166313
235	236	0.4774193548387097	0.0	0.04961408339543946	0.43079124801104657	0.5947858041862732	0.32032214168744105	0.5221057844258172	0.8131070010045701	0.050009144291269125	0.0021621621621621626	0.45518950774639627	0.35759208980381596	0.5657225853304357	0.8528585737936225
236	237	0.38064516129032255	0.0	0.145353895856984	0.2559057558891766	0.4422075131931552	0.29216919852826395	0.43091085944556373	0.7437369565948712	0.15032731436880498	0.0033898305084745766	0.3991418193988529	0.19945192806446235	0.47276688453159976	0.5827625481483212
237	238	0.6451612903225806	0.0	0.22397199576531704	0.6079950848069037	0.7253454778356659	0.3806759618332875	0.7098184571849901	0.896127270158753	0.2280617794055651	0.01306930693069307	0.6434314582687737	0.5292949892472278	0.7298474945533799	0.6651233719993837
238	239	0.14838709677419357	0.0	0.07431072036692035	0.013736221251363676	0.0903942728864071	0.7996054545572748	0.43861901057926045	0.44890865143272707	0.08555887460716766	0.043478260869565216	0.181210325615404	0.009470149380780252	0.37254901960785003	0.6493728035313027
239	240	0.48387096774193544	0.0	0.09333140495149125	0.4005024884441838	0.570416443879107	0.3922025202685866	0.610189987983146	0.8166175510469837	0.10095123253357466	0.05473684210526315	0.4688400548559157	0.32925908908334417	0.6122004357298523	0.6384625001135227
240	241	0.3935483870967742	0.0	0.08164334931867367	0.23794975330468818	0.426576138538046	0.32700868732768346	0.4106580701923208	0.7544777688008081	0.08711994425885895	0.006345848757271285	0.39755790580074074	0.1858308582114471	0.4669571532316734	0.47031286784454035
241	242	0.8193548387096774	0.0	0.1980851980755388	0.8362269512503271	0.8872476720616926	0.30323303111449773	0.8010722992138408	0.9556179277109812	0.19669420232739818	0.006643700787401576	0.7990214559885775	0.7887885508535403	0.8460421205519271	0.3361463530766406
242	243	0.5612903225806452	0.0	0.2645261526899383	0.45456639019852174	0.6101226857198304	0.5597256950417082	0.7064553869173156	0.858357869857486	0.2742713526009493	0.06269592476489028	0.5702971527982044	0.37602244050521016	0.6906318082788694	0.5670548197181395
243	244	0.6064516129032258	0.0	0.21467021215454893	0.5149484950841076	0.6567522841563035	0.47008421012659624	0.7336551401793847	0.8795943061981281	0.22522626760363104	0.0618141097424412	0.6104845329276543	0.4349021674333185	0.72258533042847	0.5247655297089651
244	245	0.45806451612903226	0.0	0.2646488542604241	0.2080433533892488	0.39271386876706105	0.21408290651101297	0.5334153611788572	0.7992644170810977	0.2770944478543	0.023474178403755874	0.49810617683376485	0.15799142731204538	0.5628177196804716	0.31600717378290144
245	246	0.6838709677419355	0.0	0.20080867240714467	0.6847425178822347	0.7807672123514661	0.7470837308662077	0.772188123967315	0.9113276196820811	0.2029383060428709	0.009522130135778524	0.6701418990267756	0.612326771345175	0.7734204793028341	0.4863424810357482
246	247	0.7032258064516129	0.0	0.1787832768237738	0.7385106383593798	0.8190630881597751	0.6594114886215996	0.7793398457583547	0.9184652515050605	0.1786601294263153	0.014011676396997496	0.6818031948823191	0.6732334191064632	0.7850399419026892	0.6233488780796541
247	248	0.4064516129032258	0.0	0.3799102552682621	0.1637231027693713	0.3450112337447961	0.8661775824509454	0.604075194697848	0.7635576750090388	0.40081682250776773	0.3422619047619047	0.44164762880510083	0.1226058967872066	0.5744371822803236	0.3863853748235852
248	249	0.6774193548387096	0.0	0.14615430767432525	0.6907371366580051	0.7858256185903606	0.41308726958254066	0.772188123967315	0.9089222495060767	0.1486579889154678	0.017250673854447438	0.6556970258694523	0.6202062745613895	0.7705156136528706	0.5744345668018935
249	250	0.6967741935483871	0.0	0.1393157709638146	0.7345732421101202	0.8167057176584005	0.6559685642613154	0.7686293452098307	0.9161780089681473	0.14011972166425035	0.009174311926605503	0.6718950418091818	0.6694008313646153	0.7777777777777801	0.6480710280254891
250	251	0.7419354838709677	0.0	0.412756836158187	0.7193605417550842	0.8029711287071167	0.5255984006456107	0.8344725862868221	0.9315940252187966	0.4207671199179302	0.06476761619190405	0.7547514695636293	0.6472883809067089	0.824255628177198	0.5088384464088944
251	252	0.7741935483870968	0.0	0.2162293489596508	0.7707403369790056	0.8414706794671041	0.32794266081613294	0.8084103777712035	0.9420976933240995	0.21796553362448623	0.00909090909090909	0.7565776919352705	0.7101799351606153	0.8286129266521443	0.2719336989651471
252	253	0.7999999999999999	0.0	0.19115974990142878	0.8165209541781959	0.8737173169851784	0.2840969402106289	0.7865374855063196	0.9499534965311761	0.19060803340019142	0.006967741935483869	0.7787594583944104	0.7651246666227086	0.8315177923021093	0.33764372745633153
253	254	0.8903225806451612	0.0	0.4822697436185346	0.870562091785663	0.9085341268528584	0.36629462425928594	0.892385128858741	0.974588246119812	0.4908737558007043	0.01376290272130122	0.9027569222879064	0.8267468278137845	0.9128540305010902	0.0994460598710909
254	255	0.6709677419354838	0.0	0.7615421733149199	0.4872131580013589	0.6320594820644079	0.47131209165692495	0.7793398457583547	0.9057480573434443	0.798941890644262	0.23076923076923078	0.7215784374935366	0.4031879829217281	0.7705156136528704	0.21224933484833025
255	256	0.5419354838709677	0.0	0.25555181078016465	0.2984956967578382	0.479981262037264	0.3403138907999521	0.6508353786442398	0.848032029005881	0.26617594385015286	0.12268907563025211	0.5730213887882889	0.2343251369500668	0.657225853304289	0.21904910175122833
256	257	0.7806451612903226	0.0	0.18276719652177115	0.8399286150964699	0.8896438666100481	0.4426256416556014	0.845826116049686	0.9443293405188647	0.17998093416630476	0.013819265682156887	0.7559667590498795	0.7930502399036904	0.8460421205519253	0.7255327957463973
257	258	0.6774193548387096	0.0	0.15108423825694478	0.7071447140193509	0.797133762040488	0.5813336650407177	0.7510041139227654	0.9089138728376739	0.15119194028345684	0.004312668463611859	0.6571985665324349	0.6380032913635646	0.7618010167029798	0.6726587149366701
258	259	0.7161290322580645	0.0	0.15252960943453736	0.7696828174487552	0.8409875034717523	0.5006194820836293	0.7793398457583547	0.9231481628075818	0.150333635513801	0.011583011583011584	0.6915986808868384	0.7094020293354851	0.7908496732026167	0.7031126235799197
259	260	0.7741935483870968	0.0	0.22643077284841936	0.8208728121271363	0.8758892339526458	0.5275435051768514	0.845826116049686	0.9422382911716524	0.22431041982409683	0.01652892561983471	0.7576513031737087	0.7689312831225001	0.8431372549019616	0.6235796943395318
260	261	0.6709677419354838	0.0	0.1451994034911748	0.6883705308300706	0.7835946166030768	0.6246538575698186	0.7233756702453187	0.9065980601671487	0.14356129727797068	0.007692307692307693	0.6522830254717766	0.6167248892494525	0.7472766884531621	0.7416102698375303
261	262	0.2	0.0	0.08215276235536559	0.055676368692401834	0.19551040604923578	0.35337525654516444	0.5391186191700332	0.5414979386152656	0.09542767038448113	0.5564516129032258	0.2153449628956658	0.04070888695091425	0.44952795933188483	0.550123637384599
262	263	0.6580645161290323	0.0	0.11236275801188976	0.6899386854544567	0.7857069735564688	0.5184069786416213	0.744031738963221	0.9015226308380536	0.11306317648373303	0.006853226727584238	0.6308537188012391	0.6200209514062328	0.7501815541031254	0.6681820815903259
263	264	0.5612903225806452	0.0	0.13813042544289147	0.49449014893069915	0.6429513156073736	0.8005069025094995	0.6668958673553105	0.8587340569348084	0.14271383347138572	0.032915360501567396	0.5480737260004571	0.41702979141719754	0.6732026143790883	0.5485923887731571
264	265	0.7290322580645161	0.0	0.13640277503676995	0.7901016625427368	0.8556078416596383	0.4571786237113653	0.7937814868629665	0.927599528863512	0.13508317017723673	0.007452258965999069	0.6996871097008179	0.7340470087486793	0.8024691358024711	0.7353859484332053
265	266	0.6838709677419355	0.0	0.1287305070045857	0.7180467106746098	0.80535694967625	0.33621740702702385	0.7650818821240715	0.9114073763811678	0.1296066233346882	0.02327631810968083	0.6567908406141609	0.6511031090718791	0.7705156136528708	0.6239838098566468
266	267	0.6645161290322581	0.0	0.223879453580992	0.6265558469579101	0.7394240608312205	0.17992117065617302	0.744031738963221	0.9037852035571964	0.23057592439483554	0.058252427184466014	0.6541886298942206	0.5498139992860376	0.7530864197530889	0.4798582999541254
267	268	0.4774193548387097	0.0	0.42737537975983647	0.20463522646780116	0.3885713139799431	0.47717899069433667	0.6508353786442398	0.8113634662351243	0.4518466597911679	0.2854054054054054	0.5256766713576471	0.15474526028085306	0.6281771968046512	0.34965531145161666
268	269	0.5806451612903225	0.0	0.1628646780777469	0.4966751585173684	0.644234098263117	0.22103657653492098	0.6476523058816244	0.8677731434575743	0.16918317525919122	0.10842490842490846	0.573503007626099	0.41867488676769155	0.6732026143790899	0.45934484401755776
269	270	0.36129032258064514	0.0	0.07594369070845206	0.17747537161588464	0.3642324608532647	0.5377348847829996	0.4835118537560694	0.7282053784071638	0.07995320723298645	0.11654135338345867	0.3635067044672985	0.13632318803902838	0.4931009440813434	0.46596548621416967
270	271	0.46451612903225803	0.0	0.269385827503506	0.2964294480334452	0.47895027424619835	0.22037793051128507	0.576999210456401	0.8037013970477426	0.2836075961677809	0.0502283105022831	0.48951721322790326	0.23334479537375624	0.5875090777051617	0.34515962505063985
271	272	0.7806451612903226	0.0	0.3319100271635047	0.7861087957199009	0.8503943642967117	0.5233381019739134	0.8496356062341452	0.9441464976541681	0.3349041380757712	0.0227611434764937	0.7806722983024363	0.7252104917966643	0.8474945533769074	0.5147030803535237
272	273	0.9161290322580645	0.0	0.48319997206924853	0.8600370666490142	0.9000290838520594	0.501860575414308	0.9083249600911705	0.9809283483038188	0.48200975636596144	0.014183000098493057	0.9434059821749847	0.8114736770522286	0.9302832244008725	0.03976351531522876
273	274	0.5225806451612903	0.0	0.08927482129215648	0.45863622466375864	0.6155378346522897	0.3337950843214872	0.6318796807574514	0.8389457629472514	0.09109307380864531	0.009033423667570008	0.5083936832162719	0.38264080488833613	0.6397966594045068	0.6919053396793504
274	275	0.7290322580645161	0.0	0.14092366439028087	0.7896528828330343	0.8550359796977306	0.3650710301751123	0.7937814868629665	0.9276709140716956	0.13832562388304928	0.008383791336748953	0.7012583744537837	0.7330751248666086	0.8024691358024711	0.7530115966143509
275	276	0.5032258064516129	1.0	0.06428073188748866	0.4673630386251621	0.6231432768829691	0.5396765905442344	0.5535203713635775	0.8281687353936406	0.06471767667862605	0.0	0.48141435524405424	0.3920333084579558	0.5940450254175806	0.8002741013435938
276	277	0.7096774193548387	0.0	0.12139264596091516	0.7704120010110332	0.8421970130776186	0.4727502080895338	0.7757582726249823	0.9208561419593553	0.12077479429271835	0.00982800982800983	0.6780657683694673	0.7114249073394615	0.7864923747276713	0.6665659330432073
277	278	0.7677419354838709	0.0	0.2288031545122539	0.7575913005779423	0.8322819531423965	0.46434943138452306	0.8084103777712035	0.9399828967397479	0.23228823942193408	0.012605042016806723	0.7524879521016816	0.6948981289080038	0.8257080610021805	0.3171047469062576
278	279	0.9354838709677419	0.0	0.30148526505970286	0.9620185929662874	0.9745794153556904	0.3352272094285036	0.9408608077182556	0.985622045448895	0.2990177965538566	0.011336797354747285	0.9204007118740332	0.9501963079152576	0.9506172839506177	0.1582644859617365
279	280	0.8516129032258064	0.0	0.24796083958185614	0.8645213958479834	0.9066212067473219	0.3027658940030805	0.8344725862868221	0.9645286823901303	0.247793096879069	0.012303485987696514	0.8354463616731185	0.8232991948041222	0.8736383442265818	0.21998370749568633
280	281	0.8838709677419355	0.0	0.26491327068632076	0.9069416527418155	0.9360906059774239	0.1810373889700016	0.872759211653813	0.9730224298100479	0.26323949547179704	0.012059663598857507	0.8684347052609864	0.8772105360711371	0.9026870007262182	0.26459925376182003
281	282	0.6774193548387096	0.0	0.1341722013263834	0.7252668640543054	0.8102363403533922	0.43386644157987736	0.7475124277245708	0.9090236270368688	0.13348863035903688	0.007547169811320753	0.6524587767611174	0.6589391777442677	0.7603485838779986	0.6734283613802494
282	283	0.3419354838709677	0.0	0.07788053712451386	0.19957100649142276	0.38853344222966474	0.31013687911688026	0.5334153611788572	0.7117973955960992	0.0840040677921789	0.09643605870020965	0.3360834406289538	0.15471716182888232	0.510530137981124	0.5523524748776302
283	284	0.8451612903225806	0.0	0.23659259418127876	0.8586160050849132	0.9027707904562161	0.4902508810595091	0.8307128522082303	0.9627451520900098	0.2371647756491991	0.01040943789035392	0.8276532095026288	0.8163814844239058	0.8692810457516364	0.27222437517842485
284	285	0.7806451612903226	0.0	0.2067566491623184	0.7817933667632667	0.8490963059434361	0.5094291713029167	0.8047354015357606	0.9440099842652054	0.208652331972983	0.010567673756943504	0.7662689896067565	0.7229884255218217	0.8300653594771268	0.3414215264754078
285	286	0.7741935483870968	0.0	0.16824441614619978	0.8403661498762227	0.8903314772157903	0.4479692007123752	0.8496356062341452	0.942284140857625	0.1658998584248581	0.017355371900826443	0.746163879740575	0.7942657415942853	0.8445896877269441	0.6522642356828194
286	287	0.8451612903225806	0.0	0.30442942625701813	0.8590766190534957	0.9023621990772271	0.44043474548922973	0.8572924292207902	0.9627580836910727	0.30781541977995197	0.018043025676613464	0.8353220643824271	0.8156491770389749	0.8794480755265084	0.26424390687315935
287	288	0.10967741935483871	0.0	0.030872995323513314	0.011286140567597632	0.08293619925690808	0.6754616828172026	0.4232649544852207	0.3675125628090691	0.03737584232419577	0.23529411764705882	0.12085226392585377	0.008079971623756824	0.3464052287581769	0.6631645791999992
288	289	0.06451612903225806	0.0	0.012159498615145595	0.006246907421179688	0.05936814458575511	0.4542978602636317	0.34539182353428943	0.2446191708944252	0.01777935518196446	0.10909090909090909	0.07445088184812967	0.004406805401948422	0.2795933188090145	0.7189812285078423
289	290	0.8451612903225806	0.0	0.1977812108719535	0.8780609953303079	0.9167846332082823	0.20588940432358582	0.8344725862868221	0.9628189480011372	0.1965215220433754	0.006245662734212352	0.8199294667262138	0.8416990259605938	0.8707334785766181	0.2558163781087162
290	291	0.8516129032258064	0.0	0.21405403469707535	0.877333901495598	0.9159139663884726	0.3095718835347444	0.8344725862868221	0.9645935719087101	0.21291950702283957	0.010252904989747095	0.8295351210806172	0.8401148487867517	0.8736383442265818	0.34285325840495573
291	292	0.9096774193548387	0.0	0.2598318966012317	0.9401700910382791	0.9595921957186191	0.3707353093069234	0.9083249600911705	0.9794578124710563	0.25836343343213997	0.006592747977225053	0.8901829698814081	0.9214295741523144	0.9273783587509088	0.18209915496054327
292	293	0.7935483870967742	0.0	0.201270706146806	0.8074623090312466	0.8673469176037496	0.47634904814740314	0.8047354015357606	0.9479643128450208	0.2018808556210725	0.01022816679779701	0.7742782254394787	0.7541079725938691	0.8358750907770538	0.34886040071480967
293	294	0.9096774193548387	0.0	0.31309087400039204	0.923701963837429	0.9471518465247474	0.332706291143858	0.9083249600911705	0.9795003957531346	0.31417757614394526	0.017980221756068327	0.9005602463680271	0.8978872449080849	0.9273783587509088	0.18749904508700396
294	295	0.6774193548387096	0.0	0.3703044919198765	0.5936766071031906	0.7120995242589658	0.46741249956228337	0.7865374855063196	0.9088161957384339	0.3690528561259185	0.03773584905660378	0.7007923888345506	0.5103451215285603	0.7763253449527971	0.6543978219845494
295	296	0.7032258064516129	0.0	0.23182613181423367	0.6739511694550565	0.7720094083385213	0.5605794075253145	0.7937814868629665	0.9185335805085557	0.2322247354653136	0.04303586321934946	0.6984987207767859	0.5988036050651991	0.7908496732026158	0.7865049270569769
296	297	0.3935483870967742	0.0	0.056095066591177065	0.2724520509996615	0.4606236452158696	0.5248560353620395	0.4674272521900471	0.7547715932247051	0.06014365480106424	0.022210470650449496	0.3834421068982494	0.21610747277124395	0.498910675381272	0.5365329638046696
297	298	0.38064516129032255	0.0	0.06867307263007026	0.26872848477168704	0.45687710015678074	0.7446943863512195	0.47008953106994067	0.7447761761742588	0.07446689339725686	0.0033898305084745766	0.3721143023733508	0.2126650478221251	0.4945533769063257	0.6682788459355066
298	299	0.6709677419354838	0.0	0.21200868251310387	0.673272892019254	0.7721406040730443	0.6969812977819303	0.7510041139227654	0.9063667597330053	0.21375557921126823	0.003296703296703297	0.6634466897689308	0.5990052553324511	0.7588961510530163	0.5305628164497981
299	300	0.10967741935483871	1.0	0.004713076345201182	0.023075801750537542	0.12413513858603245	0.4444449716645327	0.1387499081894965	0.36873409705453936	0.00792993841512821	0.0	0.10781989380125565	0.0171268769481084	0.15541031227306612	0.6588105196192634
300	301	0.7483870967741936	0.0	0.4064573188314905	0.7504598470980809	0.8242892965855491	0.2637854858596001	0.823230184058342	0.9336759418992508	0.40554769883237973	0.01768346595932803	0.7665926579041076	0.6817691679537518	0.8228031953522164	0.3487199749205878
301	302	0.7096774193548387	0.0	0.1297862481298773	0.7720174877565221	0.8430885949185265	0.55803522418108	0.7937814868629665	0.9208826557364724	0.12896693582800958	0.007862407862407862	0.6805646637352298	0.7129178749664982	0.79375453885258	0.6659440546151867
302	303	0.7935483870967742	0.0	0.20338052295324036	0.8497709328145933	0.8963871437650277	0.37152894356548244	0.872759211653813	0.9482140499416363	0.20024110368407685	0.013375295043273012	0.770659430877398	0.8050107243070227	0.8620188816267256	0.6329389577512228
303	304	0.16774193548387098	0.0	0.039590883700211216	0.03538308359730422	0.1542368813272676	0.4489864253226318	0.4182018943772534	0.48745442339392747	0.04971517538559466	0.08547008547008546	0.17998774260505312	0.02584955226066775	0.36964415395788697	0.5525538548670659
304	305	0.012903225806451615	0.0	0.0024010416957878328	0.00020306424937688257	0.006516224895995662	0.4045494099931948	0.18198221031415596	0.057845714324212656	0.0029238643856817044	0.0	0.014855570254243208	0.00014471813347865202	0.14451706608570314	0.5801041104711343
305	306	0.6645161290322581	0.0	0.10749935536889146	0.7168441058586335	0.8046422593401158	0.4837967434047953	0.7371031465779905	0.9041488813297364	0.10703735706261752	0.008961911874533234	0.6345091194194603	0.6499593682253485	0.7501815541031258	0.8671787742627267
306	307	0.7935483870967742	0.0	0.2404945686734854	0.8400381516316907	0.8890540728230324	0.41427999569137935	0.8688732147363649	0.9481783272002507	0.23768603889659298	0.01730920535011802	0.7780445275473522	0.7920083677809664	0.8605664488017439	0.6036497906721018
307	308	0.567741935483871	0.0	0.3147374685229715	0.4566808662186346	0.6111985277139171	0.11444024904415839	0.6964283592317226	0.8614946497216778	0.32620904618568186	0.027579162410623085	0.5865749388190236	0.3773328930673255	0.6891793754538882	0.5054902030709356
308	309	0.832258064516129	0.0	0.26937033507596	0.8763709990236302	0.9140384002405992	0.4818014888306935	0.900328164489741	0.9594278503591297	0.2652348010680133	0.023613595706618966	0.8188538822258076	0.8367423521871304	0.8896151053013803	0.5705332729976226
309	310	0.7548387096774193	0.0	0.27181413512252894	0.7707630294938427	0.8406279598113632	0.3714487343002017	0.8420291570829384	0.936000274859918	0.2763465800936097	0.037375054324206874	0.7453639100964538	0.7088010959379093	0.8329702251270887	0.4086542450328086
310	311	0.7483870967741936	0.0	0.16375429498216754	0.8063552612035384	0.8665941536038038	0.458723800434678	0.8344725862868221	0.9340579505298212	0.1616666581911995	0.007957559681697613	0.7221800108391103	0.7528431079736777	0.8271604938271617	0.6399477977992489
311	312	0.7741935483870968	0.0	0.16826713787601175	0.8395496332550159	0.88972060623798	0.4635124175996886	0.8496356062341452	0.9423052266644861	0.16589223405723363	0.015702479338842973	0.7464681176759445	0.7931858493261779	0.8445896877269441	0.6289451769801323
312	313	0.22580645161290325	0.0	0.10979424009061604	0.05952063205252815	0.20174924670885536	0.721186652946254	0.5305759012970486	0.578672226308112	0.12143460824638068	0.3904761904761904	0.24983676021786982	0.043248027572535715	0.4567901234567944	0.6012915649474269
313	314	0.7677419354838709	0.0	0.17445644194459276	0.8286231552120791	0.882031164373034	0.4133904942420709	0.845826116049686	0.9402669724520246	0.1726009042611906	0.013445378151260503	0.7416685499558919	0.7796552354313853	0.8402323892519983	0.6515311248631483
314	315	0.13548387096774195	0.0	0.020843770681080686	0.025748210953312794	0.1307794508365752	0.31825078610270674	0.4463901711227698	0.4258979543783691	0.02482285279339804	0.23376623376623376	0.13997209218906684	0.01889954599070361	0.3710965867828677	0.46411688809528817
315	316	0.8129032258064516	0.0	0.6650430369044573	0.7995492813289249	0.8566096530693408	0.6978717703983364	0.8766581835192331	0.9537438974956913	0.6695772358741425	0.0412448443944507	0.8400982605120997	0.7357509467089763	0.8721859114015984	0.46561060734272486
316	317	0.7612903225806451	0.0	0.2416158068071398	0.7938571417189887	0.8565804622407536	0.42105173479944596	0.845826116049686	0.9382445457779597	0.24047500922850307	0.023073636234154676	0.7483673014946244	0.7357013550070205	0.8373275236020346	0.6195833564643352
317	318	0.39999999999999997	0.0	0.11425592518126926	0.2149848847746988	0.40199362693547613	0.667912746157612	0.5419824869166745	0.7594185483880365	0.12062535520228398	0.009216589861751154	0.4180740492661847	0.16540283868064434	0.5410312273057427	0.7530235713436166
318	319	0.49032258064516127	0.0	0.059540036513541186	0.43420247910861	0.5975823888691465	0.22258915585960623	0.5477348755039042	0.8206638322068498	0.06190255475548674	0.002050580997949419	0.4686193776665652	0.36091829055892033	0.5846042120551991	0.8230580674933787
319	320	0.07096774193548387	0.0	0.007611639207904574	0.004899139253139545	0.05191272990147497	0.5039338900003034	0.34539182353428943	0.2651562448161969	0.011145335661881167	0.0	0.07951521362658895	0.003472459928673203	0.28249818445897823	0.733920965568727
320	321	0.2064516129032258	1.0	0.008963475603401135	0.09797957611876419	0.266972743374342	0.504646898096597	0.2780085902696836	0.5532674255217704	0.010143253361846356	0.0	0.19679780743883424	0.07436868262339885	0.300653594771255	0.9999999999999999
321	322	0.2	0.0	0.011595976196491505	0.0717916711861521	0.22640425652880156	0.28322484501842426	0.2694017495972363	0.542821224919044	0.013091388857475357	0.0	0.19470621260961213	0.05402536308854566	0.29121278140887386	0.7471669842612133
322	323	0.6580645161290323	0.0	0.16288564345569026	0.6610195077107566	0.7640483160286481	0.6143141664223104	0.7405619957640135	0.9015853534724039	0.16287079601889215	0.0422615648201028	0.6413808611609557	0.5866418646455341	0.7487291212781433	0.7765675834778722
323	324	0.0967741935483871	0.0	0.017229428110356965	0.011885687194812384	0.08554803379779262	0.6355646270599405	0.43604266376853995	0.33583952881162366	0.022242584689628586	0.5499999999999999	0.10589005561407258	0.008554417514403535	0.3478576615831581	0.624314479583587
324	325	0.0	1.0	0.0	0.0	0.0	0.4256790534138227	0.0	0.0	0.0	0.0	0.0	0.0	0.0	0.8158704003726547
325	326	0.6516129032258065	0.0	0.11001993714992003	0.6187946332066325	0.7352864575886683	0.6088343956165472	0.6701372993234807	0.8987173653081912	0.11184932800835809	0.0034944670937682005	0.62786119895837	0.5437205617084419	0.7153231663035629	0.44284899180807663
326	327	0.5290322580645161	0.0	0.37475017575834957	0.4123912948302115	0.5790306816263019	0.6753121379602887	0.6766498557664002	0.8419206662444743	0.3958825197407214	0.2556567734352043	0.524199301918642	0.3391273444455298	0.6630355846042151	0.5860550162976949
327	328	0.34838709677419355	0.0	0.06860751251040008	0.21574760319044203	0.40506816649189525	0.759842887822339	0.49712190123501165	0.7175666177018427	0.07367416471112904	0.00808080808080808	0.3442094221922068	0.16789369405909596	0.4945533769063246	0.6465246958498725
328	329	0.038709677419354833	0.0	0.002788274033907403	0.0006685167064538948	0.014377925343338874	0.5184789501155036	0.11708395765165491	0.1581179885000153	0.004933910356949709	0.0	0.05182325235466151	0.0004305626184677615	0.10530137981119037	0.6421385191305171
329	330	0.5548387096774193	0.0	0.2131141949571469	0.41338917487607	0.5786669449772739	0.3857102595619434	0.6701372993234807	0.8550701299708033	0.22766731971933593	0.05934242181234964	0.5603533083536811	0.33870662059193996	0.6717501815541067	0.38853970754527156
330	331	0.4193548387096774	0.0	0.07579449826651513	0.2782942926496874	0.46446037357192854	0.517374422736298	0.6132609730553176	0.7745458808313518	0.07795120694453998	0.07832167832167833	0.4169335325631148	0.21966125459034722	0.5846042120551966	0.8316902267971904
331	332	0.2645161290322581	0.0	0.031550225969208076	0.10920223980857058	0.28107762199227904	0.5236331060880715	0.4258067198359192	0.6307427572368598	0.034632832852498685	0.0	0.26686413527384584	0.08219984051735563	0.4175744371822889	0.625161073887667
332	333	0.6064516129032258	0.0	0.19605781646968595	0.5083742157314274	0.6514409562656981	0.5782191272599181	0.7371031465779905	0.8799076465159729	0.1987531900361602	0.037625979843225084	0.608670351988946	0.42797958221164295	0.7240377632534518	0.65491805142518
333	334	0.5161290322580645	0.0	0.10210462523923888	0.46516694123863095	0.6209502358496432	0.796658494527461	0.5681308446034055	0.8352574705552311	0.10481166210868746	0.003703703703703704	0.5000012255836368	0.38931329975372636	0.6063907044299264	0.6511799342374951
334	335	0.7612903225806451	0.0	0.27072766237906754	0.784429568052423	0.8497015050355506	0.38835703414430955	0.853457689774586	0.9381901070881139	0.27072196502922435	0.022219057114371173	0.7535483407372001	0.7240401611370909	0.8402323892519978	0.4991845674385572
335	336	0.7806451612903226	0.0	0.15114752663705805	0.8121412749709261	0.8713839382526797	0.4718112228970671	0.7937814868629665	0.9440848910995683	0.15168617441761847	0.007316081831730117	0.7514456526306046	0.7610801591839967	0.825708061002181	0.3334299435716982
336	337	0.37419354838709673	0.0	0.04343936044515023	0.2540703267270999	0.4429955458745682	0.45666151007684824	0.5053796828514483	0.7399164127112223	0.04576306515869858	0.0	0.364181650886491	0.20015091182204198	0.5105301379811251	0.6515884965558544
337	338	0.7548387096774193	0.0	0.18455361045548618	0.7987831269345581	0.8606097164811515	0.396718249450861	0.819507130117314	0.9362323604109313	0.18170475913531212	0.007822685788787484	0.7345879613894282	0.7425750633403222	0.8242556281771984	0.7219533464538421
338	339	0.14838709677419357	0.0	0.058626612808329516	0.026663734228749937	0.13050948904947823	0.5338622421982444	0.5026193678183712	0.45014714019251134	0.07593015550657471	0.41304347826086957	0.17348166511066432	0.01882576996208653	0.4074074074074121	0.6381771821834468
339	340	0.1806451612903226	0.0	0.09424117740889942	0.018897065807135287	0.10661075972203383	0.688867199564833	0.3571328414516073	0.5069896315987765	0.11633224022650863	0.014778325123152709	0.22570024574511294	0.012870339169348348	0.33914306463327093	0.42042834128469253
340	341	0.3870967741935484	0.0	0.09251577911866946	0.24285039165588043	0.4314503499758031	0.06231111645885634	0.4081568912792033	0.7496375395989231	0.09724402850381565	0.0	0.38558191370865064	0.19002397842084864	0.4625998547567278	0.5814116377419777
341	342	0.01935483870967742	0.0	0.0018407807498783963	0.0006435901048797714	0.015103943684514398	0.43194683137855955	0.23580898963932406	0.08551371233668323	0.0022264228608803397	1.0	0.020711125367129962	0.000463110302811797	0.18663761801017942	0.6713821163387382
342	343	0.6967741935483871	0.0	0.8192486049942369	0.5694819783644852	0.6914395238589821	0.23982640272533234	0.7757582726249823	0.9151795216611507	0.8503344834485246	0.08358817533129462	0.7676915434999716	0.4814780615804537	0.7806826434277434	0.3283194690940002
343	344	0.6580645161290323	1.0	0.18892565111394832	0.6420848944492031	0.7510771940972583	0.27241824090611455	0.7475124277245708	0.9013541899505096	0.19593448089633114	0.03198172472872644	0.6409166285712278	0.5670936744569741	0.7523602033405978	0.44053628001943346
344	345	0.6838709677419355	0.0	0.29117330885499393	0.636273869812401	0.7456099981123775	0.09304419819811693	0.7686293452098307	0.9111321997921503	0.30174769041625044	0.0338564627049903	0.6821014890873938	0.5589534063817319	0.7719680464778527	0.4561861159970168
345	346	0.09032258064516129	0.0	0.03661151211930153	0.005797648491199759	0.05674684152777951	0.5685334603064406	0.3883853528167265	0.3184322133526328	0.04552608932850682	0.1714285714285714	0.10411036504541227	0.004065760522364753	0.31735657225854097	0.6239151809999562
346	347	0.7161290322580645	0.0	0.15683338580639178	0.6993252327644025	0.7919049725479057	0.3225601108262427	0.6897950157756112	0.9228431967616452	0.15837720557433257	0.006756756756756755	0.6970771974554955	0.6297163577288861	0.7530864197530911	0.3417187810937339
347	348	0.8903225806451612	0.0	0.3228318970067552	0.9047497597794467	0.933778328323961	0.31250271728946244	0.9083249600911705	0.9746562468397618	0.3211400595340836	0.01689083515796059	0.8851381988645948	0.8729187028086852	0.9186637618010176	0.178724275475807
348	349	0.6	0.0	0.15545927825228129	0.5893865724160687	0.7132763026826405	0.6342805513456578	0.6832023053575154	0.8769203851410399	0.15734576122288646	0.0	0.5824768337014281	0.5120149108220147	0.69789397240378	0.6302725738927302
349	350	0.7612903225806451	0.0	0.4241405856323318	0.6185420058498696	0.7302810921919834	0.0	0.7580206877727029	0.9377280636971834	0.4368021036542847	0.009400370317618572	0.7924431410180559	0.5364218644155221	0.8024691358024729	0.13653039136213502
350	351	0.6903225806451613	0.0	0.19112765488678868	0.6901101688207477	0.7843483378707794	0.4837861279673362	0.7580206877727029	0.9136742468705226	0.1931685429040899	0.006230529595015576	0.6799417750423862	0.6178999192000356	0.7705156136528708	0.5487116454425179
351	352	0.7483870967741936	0.0	0.19512129084370275	0.8000029582080329	0.8615919140261518	0.611604640792215	0.819507130117314	0.934041451286135	0.1954321047868909	0.015915119363395226	0.7286779121885061	0.7442554482442971	0.8213507625272343	0.6489396071907163
352	353	0.7612903225806451	0.0	0.18986719311509048	0.8158213967840855	0.8727109236618665	0.26440236109012266	0.8382446676037665	0.9382666539962322	0.18847067793421454	0.024782794473721694	0.7392398931712332	0.7634109986386839	0.8344226579520708	0.6457118910175328
353	354	0.7741935483870968	0.0	0.17287629008285543	0.837795879673452	0.8884347164312432	0.4060818706249736	0.8496356062341452	0.9422982397115479	0.1703288017232922	0.017355371900826443	0.747309370588136	0.790915034797604	0.8445896877269441	0.6635261173214214
354	355	0.832258064516129	0.0	0.42023858352683924	0.8465306432875757	0.891471573908288	0.6279671161731689	0.892385128858741	0.9592591499060903	0.42272730981584317	0.022182468694096603	0.8444327004220027	0.796283146920491	0.8867102396514166	0.3753484091077738
355	356	0.8193548387096774	0.0	0.26082205204433717	0.8650526658456874	0.9063937502219694	0.43637623491116134	0.8963499606173126	0.9557291149404412	0.2575394330405856	0.015501968503937012	0.8046866425412067	0.8229243019239582	0.8823529411764712	0.5908760560350471
356	357	0.8064516129032258	0.0	0.22890987322994094	0.8608950090777013	0.9038738864447583	0.3928219958948838	0.8805701954243363	0.9519990098408223	0.2253983655038957	0.018285714285714287	0.787339632762218	0.8183947238295423	0.8707334785766163	0.611845339792024
357	358	0.49032258064516127	0.0	0.06572728669419957	0.4186214100735151	0.5853971588227082	0.38120581799862097	0.6010313064350643	0.8205386075361675	0.06877489666856555	0.04101161995898838	0.4687486996735683	0.3465378887223897	0.6107480029048706	0.6495904297330372
358	359	0.6774193548387096	0.0	0.11034094483598708	0.7167528258276162	0.8048506883060816	0.40301720836769056	0.7405619957640135	0.9089863997519959	0.11088075327196951	0.001078167115902965	0.6465099954816678	0.6502928657787209	0.7574437182280349	0.6554034684875076
