	ID	degree	eccentricity	betweenness	com_betweenness	eigenvector	katz	closeness	current_flow_closeness	load	clustering_coef	pagerank	subgraph	harmonic	strength
0	0	0.5833333333333333	0.0	0.3484476501437855	0.11664749148962829	0.1793262887785458	0.35246115977453446	0.7127848273980075	0.7911699894095221	0.2991111346820826	0.5415518044329032	0.6272061107493374	0.036905583462897046	0.6682352941176459	0.640728713950788
1	1	0.7	0.0	0.2871652743089592	0.682401636328209	0.7375609963271201	0.17157568726333428	0.6655575040844162	0.861212989216348	0.2902781079768913	0.6355289925556976	0.6919015837100143	0.5502898786306584	0.7152941176470611	0.7151403129547925
2	2	0.7166666666666667	0.0	0.4383644048582756	0.10963384556374492	0.15089469206928346	0.6115600438294877	0.7247612966003767	0.869788643343274	0.4012408936366787	0.5268242362708967	0.8005005326726615	0.026894328367057626	0.7482352941176487	0.6506644602143163
3	3	0.6833333333333333	0.0	0.6934728125796112	0.1475371920459181	0.2037438002030578	0.38405781172028464	0.8231092436974792	0.8550794092191472	0.6114175668948539	0.47627819276234684	0.7419003112686298	0.0467386169059435	0.7670588235294105	0.6255616864092368
4	4	0.6333333333333333	0.0	0.6719908746697854	0.14867810165596385	0.2117637204160067	0.26025140172458083	0.7733634797588294	0.8257993157594261	0.5788299601329935	0.4805706008398921	0.6786459930362192	0.05022572167618015	0.7199999999999989	0.6259050092622469
5	5	0.5916666666666667	0.0	0.8680746325145201	0.15627593723420974	0.22930987282262255	0.23550377931781633	0.7918819758235824	0.7999689455708596	0.8190956782300597	0.4092392486764814	0.6354457458752858	0.05828723753996024	0.7035294117647033	0.6566746217319307
6	6	0.30833333333333335	0.0	0.3891900144618349	0.0537671905191919	0.13173039027079	0.40635879936577884	0.7068222933745107	0.5472942298283512	0.41564103709544853	0.27662919718616297	0.3351979605954527	0.021059909070460996	0.5105882352941129	0.8173713717698756
7	7	0.5833333333333333	0.0	0.3668615753369469	0.089487144544438	0.13930069995827685	0.4928927297571886	0.6714023040264174	0.7888036185207385	0.34007395347476604	0.5765473963443882	0.6425960843080366	0.023271177449397537	0.6517647058823526	0.6310996677120884
8	8	0.24166666666666667	0.0	0.4094546160514057	0.009412010877277832	0.030952229182168698	0.5240203681965951	0.4550975706889693	0.45614689134526704	0.4454339222616745	0.16371492612075345	0.31832715545964496	0.0019308636768505913	0.367058823529411	0.1556747944236213
9	9	0.41666666666666663	0.0	0.4406836369238992	0.02427694773399234	0.04830349089987451	0.7849539168689107	0.4135005065856139	0.651898460976615	0.43766612339179123	0.45327495346532254	0.5072587505191851	0.0038189825443168224	0.44705882352941506	0.376941758744025
10	10	0.11666666666666667	0.0	0.10781677924111788	0.0040171037184526075	0.022435161733737007	0.7767483003746396	0.24615964565073956	0.25672988239305766	0.1216086431258396	0.3501422228668585	0.1607954490916173	0.0012157864080158806	0.19764705882353173	0.20045187724280805
11	11	0.32499999999999996	0.0	0.06301942341877403	0.022405221957140516	0.048706725968966	0.40112168559076267	0.2603404353085077	0.557914451652322	0.0712976479789281	0.8031135017384653	0.36274688177914705	0.0038697183957631174	0.3223529411764763	0.35036617591021413
12	12	0.43333333333333335	0.0	0.25363678827878067	0.15389452306631884	0.2607062367547122	0.29586037360126427	0.6772637085137085	0.6766471909144016	0.21749986140190858	0.5472499362266566	0.4388160462876288	0.07420773736524558	0.5694117647058796	0.7098722119859071
13	13	0.5	0.0	0.4748171831940919	0.04131911688210606	0.07701468497847853	0.6776000947435616	0.7008767951625097	0.7261761058351546	0.505048823331408	0.35395042150178524	0.598231460061331	0.008228353636617138	0.6164705882352921	0.7835337241819871
14	14	0.16666666666666666	0.0	0.23255634625427882	0.014313650940706947	0.05992191370213808	0.5459322631255643	0.6193884961391967	0.3479392410720114	0.2511727209751026	0.24113423743563722	0.2001029291562978	0.005419793295861469	0.39529411764705324	0.72359184339544
15	15	0.875	0.0	0.2660697224408356	0.889131174930568	0.8990456881846826	0.4144971503971576	0.7733634797588294	0.9495247646494873	0.2417258348430008	0.6394669787143031	0.8615000009117859	0.8112246110403214	0.8564705882352972	0.7583817161039937
16	16	0.8583333333333333	0.0	0.23781206625706955	0.8930819068871151	0.9047917964095438	0.30185256063128374	0.779518341381515	0.9413759879303021	0.22523152941695884	0.6681571741952205	0.8420638110859264	0.8214452470570216	0.8494117647058852	0.7366528934496002
17	17	0.7	0.0	0.206094610420787	0.09079534806746517	0.12583888608401814	0.4261206854365781	0.6193884961391967	0.8571801426103274	0.1918094642607571	0.6682335527956532	0.7785813509184791	0.019375735251268452	0.6964705882352975	0.49205644128131537
18	18	0.9083333333333332	0.0	0.38232013707563617	0.9238430435257261	0.9283492410036077	0.3766338198887277	0.8740394305870498	0.9645540800289036	0.34930017371299704	0.6002613096468571	0.8955021520842965	0.8639862585111436	0.9129411764705901	0.8772018475750947
19	19	0.2583333333333333	0.0	0.26108473720132097	0.08628322600662125	0.19787242387577392	0.06897871418211493	0.5742426241041207	0.4853525740345897	0.2711979538886653	0.5908227243059355	0.2530334463064412	0.04430345083767163	0.4282352941176435	0.5793007156915166
20	20	0.7166666666666667	0.0	0.3197934447381015	0.10500115548780656	0.14376123062994817	0.40857743546688186	0.7307753796962433	0.8688550458616062	0.2947851392146026	0.5983753409063438	0.7949377712712449	0.02462917198301307	0.7505882352941189	0.5461499799795431
21	21	0.7583333333333333	0.0	0.36024826345081057	0.09031829391057765	0.12041965664376783	0.5413784679302263	0.6831417884049462	0.8893469797712648	0.3459012837351942	0.5455463384972413	0.8635941215216139	0.01790898162106719	0.7552941176470624	0.49252421078759895
22	22	0.6	0.0	0.359397325282811	0.10264632783653907	0.15540417048851798	0.21432445289434893	0.642342946568299	0.7998170159958935	0.3157224004365119	0.6208477603482384	0.64995739909403	0.028381716737679013	0.6494117647058841	0.554919955848288
23	23	0.5499999999999999	0.0	0.4529274424090077	0.040796685305374246	0.06771656670509445	0.5769150703753922	0.42381657848324483	0.7615390065213969	0.43067702909045275	0.5256115909672999	0.6512683479006545	0.00662289451847598	0.5270588235294174	0.2080425541721421
24	24	0.4083333333333333	0.0	0.1721308750649252	0.029661011328265038	0.0556782763957929	0.3830587535884709	0.25087453240319535	0.643204983322772	0.172040355324049	0.8260199613686147	0.4608434497162872	0.004797459887221192	0.36470588235294876	0.37044221297911717
25	25	0.10833333333333334	0.0	0.199075930300176	0.012584333276433858	0.05633774330583359	0.35642695250616196	0.4922357907432531	0.24618232513783317	0.2359932925861591	0.19397909767044574	0.11099767008934314	0.004899729531058712	0.3082352941176425	0.6247290124508883
26	26	0.4083333333333333	0.0	0.6060993083107613	0.02519407567761972	0.06230129243832869	0.5493578432833804	0.7127848273980075	0.6460433545371367	0.6119988419159511	0.23562259772282246	0.5236511992313554	0.005774893244419722	0.5694117647058787	0.5772790543826936
27	27	0.033333333333333326	0.0	0.11312663444813367	0.006109163960707681	0.04427310548306029	0.27349440644955886	0.21812035700924692	0.08568175890682106	0.13629845081556097	0.16397128145623308	0.02485364760001718	0.0033353705780011537	0.13647058823529568	0.4334438022475531
28	28	0.10833333333333334	0.0	0.07581136176607361	0.00327174243026993	0.01668261002217986	0.2595697555197738	0.36273243622324935	0.24194569798961135	0.09349408988101815	0.4126074729454233	0.1416113621869448	0.0008109038859681834	0.2494117647058811	0.47916169660210606
29	29	0.30833333333333335	0.0	0.26392756286241514	0.015019852070163948	0.04394945872075698	0.41093392050222405	0.5300862506341959	0.5394741159499326	0.25720693409854967	0.39700340851403293	0.3965246027895407	0.0032941072486510044	0.43764705882352795	0.42394607353357344
30	30	0.15	0.0	0.18972634332767208	0.03601768831605218	0.1259002447564918	0.8241192609405563	0.5029766403916067	0.3210837239380003	0.20841537593042975	0.2135204779873625	0.16187933027576767	0.01942697534891829	0.3364705882352901	0.7189260276623108
31	31	0.5333333333333333	0.0	0.5517016419092051	0.06610631848653417	0.11687369483766649	0.5254451814265536	0.7733634797588294	0.7546937464977534	0.5635427025209124	0.31883679450580604	0.611197587898213	0.016994028619003686	0.6635294117647033	0.7523164495400364
32	32	0.17500000000000002	0.0	0.18844253162818367	0.007917301796051122	0.03466080389020146	0.49885689219477464	0.4868871969142976	0.35872582039036466	0.22326047430885726	0.3513670316919284	0.22615231982996642	0.0022877989292010054	0.343529411764703	0.5232740627054265
33	33	0.2833333333333333	0.0	0.245492019482876	0.01564462981083616	0.05079865639655762	0.26733886697175846	0.48155307830544647	0.5100118748941589	0.2417579845891007	0.41803441843097267	0.3645941179418669	0.0041453348859330314	0.4023529411764697	0.3661340164770592
34	34	0.16666666666666666	0.0	0.06645980589509151	0.006052156412955324	0.025888314937123593	0.4368559562157537	0.42381657848324483	0.34340649761928616	0.08132634001173372	0.5813527251630087	0.21779308403652287	0.0014889231153955049	0.3105882352941167	0.6006582707567221
35	35	0.7749999999999999	0.0	0.27344867313185134	0.7742207018223214	0.8071017101367871	0.42622634234590273	0.7247612966003767	0.9023037370150622	0.256547070408576	0.6188735078327839	0.7686987762013076	0.6564718182141297	0.7811764705882371	0.8710887052096106
36	36	0.7666666666666666	0.0	0.39251480073469636	0.7360960105514094	0.7721788606064456	0.4307361981329846	0.8740394305870498	0.8994094978102092	0.40222718344159536	0.5966245995919636	0.7637230584767829	0.601966241963018	0.8329411764705874	0.9150009207959159
37	37	0.7333333333333333	0.0	0.7918733235043316	0.14570461843328467	0.19566432431352052	0.6689584559234203	0.8999619808003039	0.8824112204558388	0.7281467608813774	0.44359149817367693	0.8096858819999151	0.043352584798423216	0.8235294117647034	0.7597520867456529
38	38	0.6499999999999999	0.0	0.4122817749185831	0.11398178404579169	0.1653901047540851	0.5945144635693318	0.742855615871489	0.8326507015647033	0.34810813836449833	0.5543207214514213	0.7110123257479719	0.031801951328383586	0.7176470588235286	0.6880419800216292
39	39	0.6499999999999999	0.0	0.21239221108453576	0.5994772204417799	0.6752998843311083	0.23761958141476308	0.6136900136900141	0.8308025782121697	0.20809044357591408	0.7122596146266559	0.6534163656556071	0.46316290840677005	0.6658823529411793	0.6621415397256349
40	40	0.6416666666666666	0.0	0.646756253283305	0.4773150067561494	0.5623821109604105	0.7294873399492701	0.7856911472071819	0.8318594939707813	0.5781190657398076	0.4629000076240629	0.6457352454729889	0.32424861807271255	0.7294117647058806	0.788109660970073
41	41	0.6416666666666666	0.0	0.2614840023415992	0.07743979708758103	0.11398165283358067	0.45287705927719685	0.642342946568299	0.8229404277094243	0.26845880720681065	0.657022784791296	0.7154843786263322	0.016244690356268948	0.6729411764705899	0.44914290793917844
42	42	0.6749999999999999	0.0	0.7039776423035924	0.5898429407638217	0.6555438317491414	0.3811666727754402	0.8420670089798601	0.8508241541472419	0.6803165648618381	0.5107984625426064	0.6779970312608464	0.43706147357723524	0.7694117647058802	0.8535670270499038
43	43	0.7083333333333333	0.0	0.47738678593894623	0.10503644149771589	0.1453899587873203	0.46020816027204775	0.7733634797588294	0.8642397196710137	0.45577875994491246	0.5828320397179633	0.7893346208301726	0.02513823697751138	0.7623529411764709	0.5635647207841923
44	44	0.32499999999999996	0.0	0.19416027588710544	0.042283964786561205	0.1009819218383159	0.408800093760829	0.585435038212816	0.5636715857017434	0.20798083938825634	0.5689368094990842	0.3476824537392026	0.013136059445623505	0.4705882352941151	0.7453489082685797
45	45	0.5249999999999999	0.0	0.33452075850014645	0.4795895434373568	0.5824029008538588	0.3713111008544532	0.659729238229946	0.7471667278173897	0.3741412637388635	0.7164406410907246	0.5102591880452526	0.3470986611888721	0.6141176470588232	0.6234349153974226
46	46	0.6749999999999999	0.0	0.3601213692591899	0.08354235111494165	0.12008453949622541	0.4546111385276991	0.7068222933745107	0.8431947150831016	0.37425397857663256	0.6452071725380856	0.7554937173060852	0.017822709537876374	0.7176470588235309	0.507550903643194
47	47	0.35	0.0	0.25445657046301773	0.22338202690395031	0.36335212904152825	0.4088074645498546	0.6136900136900141	0.5926274781603302	0.2933359031896823	0.5512140770970272	0.3331268465636211	0.1395371082127896	0.49647058823529155	0.845273605732533
48	48	0.24999999999999997	0.0	0.2210643886578402	0.06053058302249511	0.15753047987449162	0.23109407966621145	0.4868871969142976	0.473871001576149	0.22128480876685788	0.3657695405397906	0.25430713622995693	0.02912173034286828	0.38588235294117457	0.49663083843253586
49	49	0.7999999999999999	0.0	0.2190662032176395	0.845697365829708	0.8667426207035451	0.2860988601933855	0.7127848273980075	0.9135075957716652	0.21017459803527302	0.7147242931127308	0.7806993909315321	0.754998047926496	0.7905882352941211	0.7637510441526143
50	50	0.44999999999999996	0.0	0.45888035427339463	0.034607322795548186	0.06551374621218897	0.4873815839145939	0.4393942613487458	0.6834536552400039	0.48151619592597056	0.47895737787962067	0.5286090890214309	0.006269757620393669	0.4776470588235324	0.3800479176522519
51	51	0.41666666666666663	0.0	0.34775093304317395	0.09535314235572448	0.18387510935140208	0.43998673637368385	0.6890366149625415	0.6600482240950039	0.32367250582490936	0.45717903159523277	0.43953544186422777	0.038667166938679734	0.5647058823529387	0.6484558512880962
52	52	0.7416666666666666	0.0	0.2241377244054669	0.08322322727057045	0.1111390197245998	0.5214829176112084	0.5631120465374617	0.8782124494451653	0.1999020711683407	0.6194574682084425	0.84656188328299	0.015530197820212588	0.6964705882352993	0.3132166543476322
53	53	0.5083333333333333	0.0	0.30914415118313254	0.06979836044867903	0.119509296748004	0.3218763377046541	0.6365801204057182	0.7326197116312776	0.30653482538558197	0.6495139682433902	0.5530301558960589	0.01767839237015717	0.5952941176470583	0.5998422816977763
54	54	0.475	0.0	0.22391775886183396	0.04590702681777542	0.08234293674446846	0.36974281249932006	0.48155307830544647	0.7032241058505488	0.2420443899123338	0.7320893670092204	0.5283182641939672	0.009218946813953223	0.5105882352941205	0.4401860905912748
55	55	0.2666666666666666	0.0	0.7485452003274058	0.06465343221458351	0.16949358955398316	0.5787079224391337	0.585435038212816	0.49288233409576737	0.7430388842106906	0.2535474086149322	0.3153455838424227	0.033301756096971266	0.4376470588235266	0.4164921156761789
56	56	0.10833333333333334	0.0	0.17937380572438935	0.028307217227001084	0.10996461309728514	0.4636383809761705	0.3778223923151467	0.24668597305095735	0.19156855750992932	0.2780669343146679	0.09775697721029891	0.015271762568919219	0.2564705882352931	0.5613467078406102
57	57	0.2333333333333333	0.0	0.21631313118212367	0.08369250005867264	0.2040012887185423	0.3830805353775733	0.5246346600655771	0.4506948270121028	0.22762444091684492	0.3316057868679345	0.22634583806937825	0.046889717445246795	0.3929411764705857	0.613955494171084
58	58	0.5166666666666666	0.0	1.0	0.3135733030635711	0.4282360802318861	0.3997335030040622	0.7856911472071819	0.7462118555831032	1.0	0.33957792443251855	0.5275992032435105	0.19132412274794555	0.658823529411761	0.8017359431014305
59	59	0.375	0.0	0.32224170697759097	0.2204667580063436	0.3538398192362866	0.18569790324900812	0.585435038212816	0.619182331614827	0.2935945195165399	0.5239448142602084	0.36853706082226867	0.13262277063727945	0.4988235294117631	0.7032848570218302
60	60	0.6166666666666666	0.0	0.41736442532539403	0.04872571340321308	0.07618499938658821	0.3748382827112045	0.5246346600655771	0.8076562036296795	0.3951286612025019	0.4352813143728441	0.7415515989335726	0.008074827506747356	0.6094117647058863	0.4082522332862212
61	61	0.13333333333333333	0.0	0.11294961547502752	0.004991833262385856	0.023020494561489382	0.2624537936597114	0.4975989187945715	0.28782058252948456	0.147460447770153	0.3151042435124449	0.17693332635671227	0.001260121714223226	0.32470588235293807	0.6597442588388149
62	62	0.7166666666666667	0.0	0.33664268542353837	0.6960409820065362	0.747520080237561	0.31741748731345354	0.7368067944436825	0.870806999965198	0.3311223732244482	0.6583987675727468	0.7209495250057445	0.5649249302336299	0.75294117647059	0.7003177028348806
63	63	0.4833333333333333	0.0	0.3848996301701965	0.02976379064514177	0.0551149253505096	0.42211345535695555	0.4341878165407582	0.7105015109706789	0.3635968264598829	0.4462228686743227	0.5910385516355612	0.004720541051364204	0.4941176470588271	0.2832088418269593
64	64	0.5499999999999999	0.0	0.5042762634177778	0.03251564095811971	0.05683820545911884	0.5537044423383768	0.3677492021775861	0.7615553492261731	0.46057108315206535	0.3493943530478798	0.6886142938036097	0.004962832308442385	0.5011764705882422	0.1251449075361179
65	65	0.016666666666666663	0.0	0.01803941540655624	0.0	0.0	0.15293952507604236	0.10136996934062914	0.04200035730933982	0.02936514837833143	0.26138951338023053	0.02306462862911146	0.0	0.06588235294118139	0.3952702105025672
66	66	0.44999999999999996	0.0	0.4045991377463171	0.030617049961873474	0.05981979528909466	0.5180759523265417	0.5083690151810045	0.6831961221114804	0.4199032818898489	0.3580303573148833	0.546542690085564	0.0053963845221949485	0.5082352941176485	0.4648356676337353
67	67	0.6416666666666666	0.0	0.21939410810350476	0.0633048131611674	0.09223557852636055	0.4557644685835796	0.4922357907432531	0.8209263269814271	0.212462630966742	0.6565422828676147	0.7348970674767843	0.011204298897904029	0.6094117647058876	0.35330095909529874
68	68	0.29166666666666663	0.0	0.37498469291429226	0.04801592026766164	0.13536087558886498	0.5291658718091908	0.48155307830544647	0.5236981558095557	0.3452908836551113	0.379515763082374	0.34787764403225274	0.022124289621352718	0.40705882352941103	0.5264442080862951
69	69	0.30000000000000004	0.0	0.28296538124552745	0.020709026641764404	0.05203485892904221	0.3255377538734651	0.5246346600655771	0.5319924297071519	0.3132997024433807	0.47977248945847084	0.3417404118181613	0.004303838414494642	0.4305882352941164	0.5240018065071724
70	70	0.31666666666666665	0.0	0.4701347396051841	0.01909727912649973	0.05544681413130188	0.4447760916055684	0.4709280323315417	0.5509145700410665	0.46718640906325637	0.2530054614324684	0.4094896599702057	0.004773114767144682	0.41647058823529415	0.20555838932433215
71	71	0.14166666666666664	0.0	0.09295336527436855	0.005573516733177495	0.026293551625037475	0.39887459919719437	0.29385534282441483	0.303891269258801	0.10988143561624997	0.41636882133725084	0.17940033059508909	0.0015227212569461136	0.2352941176470602	0.36184191611803684
72	72	0.20833333333333334	0.0	0.14547276433002415	0.0065368225805139705	0.021769999974154953	0.31426624872872694	0.3930321099633276	0.40776424130334316	0.16740124429135284	0.4279498150699833	0.2761533581963619	0.0011646995677616193	0.3200000000000003	0.3563715582079151
73	73	0.6166666666666666	0.0	0.19464602456619254	0.5514987678945952	0.6389607450930345	0.5915634233535262	0.5631120465374617	0.809766139061463	0.1882717423106064	0.7411211653648778	0.6179614085226532	0.4157751168633067	0.6258823529411797	0.5700781517603243
74	74	0.7083333333333333	0.0	0.17766424532155292	0.6986724738144205	0.7518043308587435	0.4958100100403242	0.642342946568299	0.8649208879772343	0.1678334365337282	0.7256097541832548	0.7039610185625238	0.5712816282911599	0.7105882352941206	0.5926660458482821
75	75	0.375	0.0	0.3223820958579627	0.12975864913865798	0.2597334378805902	0.4098843460991687	0.37277917014759154	0.6158610482947864	0.2918086663860873	0.4549446256871589	0.4256480477494443	0.07371038533144425	0.4047058823529448	0.4053684595417907
76	76	0.15833333333333335	0.0	0.07532053851356778	0.006693619067688664	0.03156243831284117	0.2906653686439884	0.23676577229876727	0.33027284549092434	0.08685266860925092	0.48424139135938404	0.208437228820122	0.0019889666882468853	0.21647058823529752	0.22840502233181967
77	77	0.3833333333333333	0.0	0.4620690670253301	0.023986917157148423	0.04997981954837974	0.7091417372742541	0.3828789211374968	0.6208778334639635	0.45876173318585917	0.48511304146881995	0.459630792055555	0.004032828203429396	0.41411764705882703	0.2786240794107046
78	78	0.575	0.0	0.30120951540198415	0.48467158049848746	0.5865482105543696	0.3638214652336598	0.5966898056034551	0.7823428868953013	0.31375222203051645	0.636075696669039	0.5828183635184122	0.3519236917355735	0.6164705882352957	0.6643971572664119
79	79	0.2333333333333333	0.0	0.22147041992563377	0.009551205867112476	0.026034255431646	0.7094467409061506	0.27463030796364185	0.4454430090415224	0.231372230522149	0.4618686864220153	0.28226512633627165	0.001498752442652072	0.277647058823534	0.09095629923071419
80	80	0.475	0.0	0.3811035128839753	0.05332425974040024	0.09384591347006481	0.2709897658934288	0.7068222933745107	0.7042330082254704	0.48468180456424	0.7320893670092204	0.5214328912374313	0.011551438854298785	0.6047058823529383	0.44842838560956655
81	81	0.08333333333333334	0.0	0.15957707951596725	0.0025730077062799403	0.011676895668718847	0.5488543780364853	0.2274194628625006	0.19449226118507995	0.18297816867800565	0.2763608042957997	0.10090409883530144	0.0005106660228202697	0.1694117647058846	0.32474961718326495
82	82	0.13333333333333333	0.0	0.2789661178629693	0.04580382682787692	0.1465082488968781	0.3668950044423802	0.3427963584621545	0.29043043483071523	0.2855805934557987	0.5096081084122525	0.14407124034065838	0.02552895367354372	0.2541176470588242	0.38736050110122644
83	83	0.29166666666666663	0.0	0.1658976655601313	0.12800370375401857	0.2662850704775309	0.7211520917208012	0.3778223923151467	0.5228366145984977	0.1612503468028868	0.57527739502502	0.31404632180993297	0.07725878855992296	0.36000000000000254	0.6308373324236747
84	84	0.2833333333333333	0.0	0.3899853947507846	0.02270653518621072	0.0751249700642927	0.7043794585689923	0.4393942613487458	0.5101357167151448	0.3874764023343035	0.20347625227015675	0.3777066384083083	0.007900096491145191	0.3835294117647061	0.25956101438257007
85	85	0.6166666666666666	0.0	0.3526755582200896	0.05169829228537218	0.07816120277560566	0.3923303124469802	0.5137761031349024	0.8060955202370021	0.34476735810414233	0.546822907087586	0.7264654771726999	0.008431990582714016	0.6047058823529454	0.36753888777163807
86	86	0.5666666666666667	0.0	0.6707259635781877	0.035119682138772784	0.06093599202811732	0.6490481507144557	0.4603601871434977	0.7744608794939958	0.6225817172459137	0.2846298874186074	0.7102234227427591	0.005562214969755155	0.5529411764705934	0.27479003026691506
87	87	0.13333333333333333	0.0	0.18091151786343557	0.0036557766139137943	0.016142445453574007	0.3511367258565713	0.3084046900347026	0.2867817595704801	0.2150437575963729	0.3241509349031336	0.17995317833918173	0.0007760606332537471	0.23764705882353	0.11244823729943237
88	88	0.15833333333333335	0.0	0.11204961213114095	0.0048017522675115505	0.02002883568576939	0.313437916432111	0.24615964565073956	0.32970585578991735	0.12205455825182429	0.43206871089603716	0.21192958947579188	0.0010383077965488803	0.22117647058823842	0.17861141402540132
89	89	0.2666666666666666	0.0	0.5051725099990622	0.01527086356633035	0.04498654676400553	0.08383423451187999	0.3828789211374968	0.49035257176496544	0.5143954284127222	0.33719652611144557	0.3299514961433083	0.0034165197238008285	0.3482352941176483	0.2127233416529682
90	90	0.4916666666666666	0.0	0.293524176426996	0.4106539275952746	0.5288015924835313	0.46834792350951193	0.585435038212816	0.7209952841986251	0.30440254122875765	0.6569421526191713	0.484583444717265	0.2877317589918768	0.5647058823529418	0.5231795957101413
91	91	0.6499999999999999	0.0	0.24716600950510967	0.6362142493471358	0.7038105316039168	0.34117340464361	0.591054595227058	0.8308172215545988	0.2435234792624782	0.7193104580719788	0.640950434719061	0.5021299008331668	0.6564705882352979	0.5287371949896996
92	92	0.5166666666666666	0.0	0.04020505212805753	0.5318806762849744	0.6260654064953006	0.256955460246785	0.44461466445380626	0.7389165715728485	0.0415208450285376	0.9133048081804337	0.48531849476168576	0.3995698838970248	0.5176470588235347	0.5903179430667456
93	93	0.8416666666666667	0.0	0.2425269706330838	0.8538796745108826	0.8753273386296049	0.4101961228062654	0.7068222933745107	0.932608653860445	0.21773057130301293	0.6818989301491106	0.8379391854544533	0.7697538891828501	0.8117647058823567	0.6194471900115346
94	94	0.16666666666666666	0.0	0.1589675553768389	0.009530383914349672	0.03415952968669203	0.51956248385015	0.4656369885480407	0.34840768485277657	0.18928934684133844	0.3603860784947158	0.1823420791548771	0.0022363113819990088	0.32941176470587985	0.606646292001692
95	95	0.4666666666666667	0.0	0.5021421727761359	0.0554061713424352	0.10121247284983798	0.4463836856308098	0.6251029631113787	0.698504569376921	0.5039954557920142	0.6014516927481578	0.5174855665568104	0.013181631878822597	0.5670588235294112	0.45498952492269845
96	96	0.725	0.0	0.42405167891008194	0.10626654069876375	0.14543987806392433	0.580184305223125	0.7856911472071819	0.8735909359546226	0.41626751072392726	0.5589080979314117	0.8098640261795778	0.0251534102346486	0.7764705882352945	0.6989654314140866
97	97	0.7333333333333333	0.0	0.31798859469511764	0.0800937433895843	0.10772315083446277	0.3366074724648498	0.5742426241041207	0.8750482712724887	0.29807823871214123	0.5830196117008174	0.8457250523081403	0.014697771554606562	0.6964705882352993	0.27932220969968047
98	98	0.6	0.0	0.10839754978268859	0.5755394959033452	0.6589060406460843	0.2992930341822813	0.4922357907432531	0.7979269506681905	0.10247660782095022	0.801732085062748	0.59417254080847	0.4414683292448418	0.585882352941181	0.5891360121667506
99	99	0.625	0.0	0.23331877783214125	0.511774705819255	0.6065612264628707	0.49141546946329834	0.591054595227058	0.8155775786267516	0.2005469995642305	0.6836783713328362	0.6436069322915741	0.3756785516663573	0.6423529411764739	0.48240280788004813
100	100	0.5916666666666667	0.0	0.17539595453142398	0.47495940835548695	0.5788690079977206	0.622021742598137	0.5300862506341959	0.7933253401908238	0.14985205438749788	0.713481760823845	0.6068949610124734	0.34301822395989806	0.5976470588235325	0.4150788936458254
101	101	0.6	0.0	0.36529468748733906	0.44975948742014066	0.5562258073869807	0.7012949666219077	0.5742426241041207	0.7998593893635961	0.33199976369904527	0.6133109134851339	0.6351620062014777	0.3174144092387144	0.6211764705882383	0.419737960009893
102	102	0.725	0.0	0.2293807030561346	0.0755472931993984	0.10209229955612782	0.48579016015156934	0.5520427944670367	0.8689985766480097	0.20626411354850743	0.6243667322711676	0.8310349724932271	0.013372863619889559	0.6823529411764757	0.24990670953064034
103	103	0.11666666666666667	0.0	0.16166180138705608	0.01065409885184581	0.054285713854653694	0.7757873343132143	0.19050271180597012	0.2589216119035372	0.16087095550593394	0.2824715352817463	0.14699680669689347	0.004615085699950756	0.16941176470588593	0.1451702645426276
104	104	0.6499999999999999	0.0	0.21095363814954027	0.5943706759738803	0.6717990759909913	0.4423082908600921	0.585435038212816	0.8305934471778114	0.2053238849017796	0.7122596146266559	0.6531554736197468	0.45848679172934875	0.6541176470588268	0.5394927657695896
105	105	0.6416666666666666	0.0	0.3665716664253789	0.5513496405807325	0.6370826605645388	0.6407443652766217	0.6365801204057182	0.8262984153871178	0.35885201642054115	0.655100777096571	0.6578473349157248	0.41339506724017183	0.6705882352941197	0.5994367062708885
106	106	0.7333333333333333	0.0	0.3897971248134369	0.07712907132596847	0.10369336625826718	0.5671701828712273	0.6023407348372483	0.8743354397636192	0.37214493222699147	0.5807276427113303	0.8500810930077118	0.013743526344590603	0.7082352941176513	0.2632720128635369
107	107	0.7749999999999999	0.0	0.41555404620122216	0.7705368884754017	0.8045797078156599	0.3675436411377271	0.7856911472071819	0.9020218755764233	0.39818131539452656	0.6226901555408114	0.7817311361395751	0.6524611889243385	0.8047058823529425	0.6819971327747048
108	108	0.30000000000000004	0.0	0.5174263422505374	0.04438134944184178	0.1262115565695158	0.8781885938250902	0.42899527412211036	0.5318428096377661	0.4656268671851553	0.2581100877511059	0.37930175610582995	0.01951160804471369	0.3882352941176479	0.3586658987016975
109	109	0.04166666666666666	0.0	0.00994786607995397	0.001480638964575987	0.0065275707142975585	0.19612372591579946	0.05841832170334582	0.10467278340730662	0.013416844074860823	0.635071433751541	0.03351331439599248	0.00025271320164468023	0.05647058823529738	0.5792043378607119
110	110	0.4666666666666667	0.0	0.4093499932604604	0.3786427556011418	0.5024800766372631	0.10358768931472356	0.7550057810549853	0.7005717177884943	0.5009554831098882	0.6169322112458892	0.4628278054225743	0.2606123674738875	0.618823529411761	0.6101636054923325
111	111	0.5166666666666666	0.0	0.8789279654147154	0.249236985650388	0.37754155205571005	0.5428700959916856	0.6655575040844162	0.7432411108019032	0.8526879092598045	0.35476684313583295	0.5816843884293983	0.15017433732880492	0.6117647058823517	0.5175732001055636
112	112	0.8666666666666666	0.0	0.34288710254986354	0.8705354038045127	0.8877326244323641	0.3434509795145162	0.8231092436974792	0.9443973522605007	0.3186047751637408	0.6268651810049951	0.8712771738461651	0.7913141572330288	0.8705882352941194	0.6321919134786942
113	113	0.6833333333333333	0.0	0.1802958405428683	0.6570579143052566	0.7198947481173069	0.4483064200105773	0.6193884961391967	0.8504118769572744	0.17283082316948267	0.7166255711074044	0.6826964612587565	0.5248087713335393	0.6870588235294148	0.7031100134150444
114	114	0.6499999999999999	0.0	0.2325216838128981	0.5647248379782979	0.6480321793761464	0.5762108569280744	0.6193884961391967	0.8309447612335128	0.21025518788914882	0.6943974778985044	0.6640484074179103	0.42736541787156224	0.6682352941176495	0.5630512219773502
115	115	0.6499999999999999	0.0	0.1897728764356937	0.06979101708619767	0.10033296645946058	0.5175441203918205	0.5029766403916067	0.825771167373061	0.17961991552554385	0.7136697833157203	0.736043693535539	0.01297322780120952	0.6188235294117694	0.23225231508631147
116	116	0.375	0.0	0.43841680104893005	0.0596058843493457	0.12257190036587567	0.3818787411720628	0.6023407348372483	0.6169271544482624	0.4832268001539966	0.6228450845482462	0.39385233967924316	0.018501745443036784	0.5058823529411747	0.512357380442945
117	117	0.24166666666666667	0.0	0.3929285835929397	0.017823965427837155	0.06033131699936063	0.6660844940044177	0.4498490820638472	0.45986762471673154	0.37047996765856134	0.3271414524890922	0.29362410334846045	0.005479615924909592	0.3647058823529403	0.3554288306205115
118	118	0.5583333333333333	0.0	0.9541097491451913	0.10795550564931201	0.17620848312213502	0.33062636517124366	0.9196085451724554	0.7759953328991236	0.9613068070393394	0.2783939425682843	0.6191488273836896	0.035738785054964875	0.7317647058823473	0.7331708961151404
119	120	0.6833333333333333	0.0	0.6950708622181371	0.4236989000501277	0.5084125871762266	0.7655703516601132	0.9661472153873372	0.859162781021795	0.6272790051587112	0.36797084632678234	0.7059709714543991	0.2665716727663835	0.8188235294117607	0.9053157178058377
120	121	0.275	0.0	0.1668645709865903	0.01142962708155153	0.028536814890547765	0.6038652759508956	0.20886809803686424	0.49942415353737984	0.1640755067046012	0.48629258369952477	0.3362841211513331	0.0017116396081689762	0.2682352941176531	0.20536952538792222
121	122	0.7166666666666667	0.0	0.3511869325640363	0.07403670602457096	0.10011964331063548	0.38908434234944034	0.5465310073288063	0.8649039828939062	0.3301401827980968	0.579692552473755	0.8358121457731307	0.012924208121781758	0.6752941176470637	0.20748806954157023
122	123	0.6833333333333333	0.0	0.17404620036783539	0.07432553413471406	0.1037843339130947	0.43629801161014975	0.5410343624629332	0.8452711497334613	0.1586952658180761	0.6933243890057293	0.7739988068794528	0.013765138620000021	0.6541176470588286	0.2782185852466676
123	124	0.5916666666666667	0.0	0.2187748614057071	0.5030992355945239	0.6006520371936837	0.4653056337543511	0.5798310694288502	0.7940493350775608	0.20462574970005898	0.6842700703459278	0.5996075847941984	0.3685838356670868	0.6188235294117672	0.5765544818753396
124	125	0.31666666666666665	0.0	0.3869551761469483	0.1100914938749732	0.23432320305545104	0.4913410211621496	0.7672264842076166	0.5561940753177923	0.39967757596013737	0.3331362234110802	0.330908929901645	0.06073255294288437	0.5388235294117587	0.8125951526596586
125	126	0.475	0.0	0.5712553624706304	0.048208382483234204	0.08851535182624522	0.3081063474919729	0.6365801204057182	0.706644008794667	0.6059036957202409	0.4533711807431725	0.5427837223835614	0.010441169366156171	0.576470588235293	0.61332416219765
126	127	0.3999999999999999	0.0	0.20680157693008408	0.026048440662469773	0.05035867214071238	0.20763730491913165	0.2650915438639223	0.6354951698547144	0.19761826006024386	0.7263100949687477	0.46541320154747745	0.004080600161182677	0.3670588235294181	0.25423761287859525
127	128	0.8666666666666666	0.0	0.23585687439390254	0.8796002225300052	0.8969461660844505	0.4510788937847432	0.7307753796962433	0.9438626105889913	0.20770138193137008	0.6642058813453108	0.8619090866660102	0.8075257615270792	0.8352941176470625	0.6215346229637583
128	129	0.5166666666666666	0.0	0.2835746595416296	0.04151962683042024	0.07002084251678117	0.45525809600818057	0.48155307830544647	0.73483294808333	0.29653296211441044	0.673734135905432	0.5973168837031149	0.007003642185779688	0.5341176470588267	0.2979233676763995
129	130	0.44166666666666665	0.0	0.389636623671732	0.022672650040620548	0.045902355643543766	0.5134452447855286	0.3527383030000837	0.6745077895082738	0.3621087839644414	0.3801741364053093	0.5555618558758094	0.0035235809788681455	0.43294117647059327	0.1526545131095866
130	131	0.6916666666666667	0.0	0.21784236811596144	0.06944318388015189	0.09667344267419824	0.6649836178723632	0.5083690151810045	0.8505232612457316	0.20368771369956837	0.6102933535097826	0.7961211276040152	0.012157346199012086	0.6447058823529468	0.2391266911865714
131	132	0.5916666666666667	0.0	0.20011004284023204	0.0531909812152846	0.08159479000099025	0.3809715880996918	0.4656369885480407	0.7879282800557377	0.19276420001543168	0.7206468924505042	0.6760829524073146	0.009072593848614731	0.5694117647058872	0.23987154135174935
132	133	0.41666666666666663	0.0	0.11940619498883029	0.03173488835174085	0.059918466076912216	0.20310023074277175	0.3527383030000837	0.6508759303472702	0.12488140860105096	0.6982558561171949	0.475885891950351	0.005409100016780221	0.4188235294117697	0.3819875725590006
133	134	0.13333333333333333	0.0	0.34704982078073043	0.009686276455530277	0.04383098965857911	0.3871681394022325	0.5631120465374617	0.2901409757370607	0.39290010523890817	0.04370350179178295	0.16927541660089462	0.0032820541325649082	0.352941176470583	0.4902343456435361
134	135	0.14166666666666664	0.0	0.26922766568781514	0.007703318842895016	0.03753464668980945	0.2668349577026307	0.4393942613487458	0.30292121979741143	0.30898362741569035	0.21325600817856205	0.1865811828129712	0.0025822039807138226	0.3035294117647038	0.28759086823817104
135	136	0.14166666666666664	0.0	0.16999170799140112	0.051230336292463666	0.16054923580516745	0.23102917601935202	0.3677492021775861	0.3064779073226565	0.195321007121065	0.39097971969241496	0.13363231500991807	0.030156455025328145	0.27058823529411713	0.3682895601449704
136	137	0.5583333333333333	0.0	0.48021204839704124	0.07369325495033577	0.11831994849325855	0.45927434527303507	0.6831417884049462	0.7692110226014015	0.49736286171048133	0.6458110732387331	0.6177184185452289	0.01736378012697971	0.6423529411764703	0.4637958958772394
137	138	0.2583333333333333	0.0	0.20028201621793817	0.1454786071785246	0.28971816004025847	0.304894472587812	0.37277917014759154	0.48165460312626535	0.2095883183284789	0.5868476629372997	0.25695389912855116	0.09062598320773017	0.3388235294117661	0.6224357295614926
138	139	0.2666666666666666	0.0	0.33571989162778954	0.11017117296362165	0.24343211224113362	0.08023227692278645	0.5798310694288502	0.49345035792006803	0.39343317989086274	0.3257898282710121	0.27003568802242006	0.06524290469880605	0.43529411764705506	0.690079202565156
139	140	0.42499999999999993	0.0	0.19035499941404757	0.3379914432474624	0.4709091169444473	0.27207483804491345	0.4709280323315417	0.6638182187613928	0.19966152245990104	0.6306402260441711	0.4138759725904496	0.22985459908985573	0.47764705882353153	0.7023931382759802
140	141	0.18333333333333332	0.0	0.17783491109447444	0.03383914373365426	0.10915795388928234	0.8126505583047161	0.5300862506341959	0.37710113001383844	0.18461249017832393	0.3105808978171005	0.19079511753153605	0.015071332265209217	0.3670588235294088	0.873902374931999
141	142	0.8333333333333333	0.0	0.6013847008729838	0.7942739198497981	0.816856043260738	0.5538870188488993	0.9460813742205576	0.9329504568975626	0.5888427560270887	0.5266227986011679	0.8377810821733787	0.6721047925001021	0.8964705882352937	0.9307247328062751
142	143	0.6416666666666666	0.0	0.21574774789033474	0.07241759405416703	0.10650767687556642	0.638447791187748	0.585435038212816	0.8220933739940197	0.213473341943405	0.6531787694018459	0.7236321918787092	0.014409121597604112	0.6494117647058859	0.4543935974900452
143	144	0.15833333333333335	0.0	0.16929969423162666	0.007366390795389136	0.030190570532180255	0.7878825958210105	0.4498490820638472	0.33332698099487107	0.20135621298873738	0.23828446917503399	0.18884109924417775	0.001861345249300545	0.3176470588235274	0.6779977633809037
144	145	0.7083333333333333	0.0	0.3398729952426681	0.634755809222168	0.6925238536815976	0.6490767388804962	0.7008767951625097	0.8684461019579317	0.33710873495858196	0.5893219358300218	0.705353510123163	0.4864959696497758	0.7341176470588251	0.9185222719660122
145	146	0.24166666666666667	0.0	0.31163689077106405	0.07865381665411579	0.2010768575144117	0.49353233208318503	0.5029766403916067	0.45935748245523406	0.37894622489300406	0.4034071647943168	0.2602347887097728	0.04565295966114536	0.38823529411764524	0.4853568730599968
146	147	0.05833333333333332	0.0	0.12414298397221907	0.018505457814950988	0.08900769467927551	0.31245826904593227	0.4656369885480407	0.14362184735504574	0.15509857083587486	0.3012111103053158	0.04326922556939583	0.010557510774161399	0.2682352941176429	0.6521565321624221
147	148	0.24999999999999997	0.0	0.260617879604146	0.009168229950755107	0.027011431499173077	0.22297826550353314	0.4550975706889693	0.4665516991157375	0.2897528146412708	0.3595296186239084	0.32630330378000083	0.0015815188142864396	0.37176470588235233	0.41202245983971786
148	149	0.5666666666666667	0.0	0.5613484566791889	0.4231931279908482	0.5343573073775902	0.5399834670347199	0.6193884961391967	0.7780592722008504	0.5723020256967591	0.5879841642229123	0.5917289252418234	0.2936280126797628	0.621176470588237	0.5302274458458175
149	150	0.44999999999999996	0.0	0.3298233266860782	0.024515890048379948	0.04883743271997407	0.4177951874615888	0.44461466445380626	0.6818388223592742	0.32338015667184433	0.4029461078103572	0.5612649172988851	0.0038874843556867453	0.4800000000000031	0.33036989501460334
150	151	0.5083333333333333	0.0	0.33115995452249586	0.3080599993907617	0.43065376271721423	0.13570331104465044	0.7733634797588294	0.7377545759558748	0.3224916727565586	0.4743749130231111	0.5139713932609058	0.19341717963472296	0.6494117647058792	0.9038685844221184
151	152	0.45833333333333326	0.0	0.38163248065620103	0.23132265289595752	0.3550017058714379	0.5032752375512574	0.742855615871489	0.6978291980177573	0.3737816381869309	0.5070109444516265	0.46072684592138824	0.13345008012895812	0.6094117647058783	0.8041306492072355
152	153	0.4083333333333333	0.0	0.14307270194070676	0.21247767714963464	0.3399680699635224	0.3457841187138066	0.6481220289400826	0.6520284554258371	0.12757013834379363	0.6507142595352223	0.3998834548517969	0.12285491915829518	0.5435294117647032	0.7737499751673484
153	154	0.75	0.0	0.66780765492041	0.08734214513317677	0.11939652894841132	0.4819104413894931	0.7187644705578715	0.8864867222798953	0.671824920336011	0.4672781732102268	0.8685288325605804	0.0176403682311397	0.7647058823529429	0.5714726789922835
154	155	0.14166666666666664	0.0	0.13123136585144096	0.06503829509012257	0.18253708328217919	0.0	0.4498490820638472	0.3080636661962119	0.14970377040876637	0.5475458465022375	0.12078018507951371	0.0381683245655492	0.3082352941176447	0.48719206267960696
155	156	0.3416666666666667	0.0	0.17620194923530874	0.233334287573553	0.37800986317238205	0.04881210791851698	0.5137761031349024	0.5809575890302912	0.19273643449917927	0.6352109095890371	0.3300837248351267	0.1505319257811332	0.44941176470588173	0.5507851894622866
156	157	0.33333333333333337	0.0	0.3121483242747227	0.12766966895260823	0.24480954020859177	0.20962308619668155	0.6080074487895719	0.5759055277690832	0.2749530754575708	0.5542346594443085	0.33049100227207884	0.06592634036443963	0.4847058823529382	0.6904496747507552
157	158	0.4833333333333333	0.0	0.16948216951364223	0.3358509372568185	0.4601231306190767	0.5389710374820815	0.6949482598555359	0.7159700261444988	0.17875891694591914	0.6563832434985087	0.47406540026612176	0.2197763286588975	0.6047058823529392	0.849615054203003
158	159	0.5499999999999999	0.0	0.21233441373349293	0.4474082329558803	0.5483893139567213	0.3317202539083479	0.7307753796962433	0.7677444106134743	0.1914465208950496	0.6644682837447938	0.535339418009467	0.30876638973542336	0.656470588235293	0.7554199469632699
159	160	0.275	0.0	0.1840087425141399	0.013247361128243266	0.04384234344899546	0.49136858824334756	0.5410343624629332	0.4993719958858715	0.18689891352587978	0.43350626922517776	0.3544574661920482	0.0032824483699634495	0.42352941176470393	0.5871389359311865
160	161	0.31666666666666665	0.0	0.26042444411690774	0.014165299013639117	0.033452489047383085	0.783710138671174	0.31816715733706635	0.5499101212615596	0.2630494969638144	0.3984279553936526	0.3934056648893819	0.0021654973933455442	0.3458823529411803	0.47118226762557247
161	162	0.6166666666666666	0.0	0.32177217660977747	0.47923621230599095	0.5690124865282585	0.29992385918638675	0.8043180180808291	0.8143809651662239	0.31197440072888116	0.5807479998026684	0.6141145491449462	0.33172678301506153	0.7223529411764686	0.8861020890428399
162	163	0.18333333333333332	0.0	0.1096002931882705	0.00586082053326451	0.017004056868939656	0.2474650950701917	0.11884611884611873	0.37116004870491254	0.11703671518334274	0.5260860105881499	0.22580322547621978	0.000830585528693102	0.16941176470588948	0.08412670392579358
163	164	0.08333333333333334	0.0	0.28382409512244205	0.0068808344368171065	0.038332821177612775	0.18556393397194115	0.32798040470342205	0.1950921391048444	0.3044471970401743	0.16229382589146368	0.09418412528364395	0.002666768838349017	0.2188235294117642	0.22402772485392997
164	165	0.475	0.0	0.3204739119543294	0.3082323326655332	0.44262586900536577	0.2900917847294335	0.4709280323315417	0.7063533341687755	0.3122866320722539	0.6251946080719576	0.49873716915320265	0.2039393846208735	0.5058823529411796	0.4261330723162259
165	166	0.375	0.0	0.13725497671288292	0.031586222639519865	0.06258750278674204	0.40183001601552115	0.42381657848324483	0.6108586497475661	0.1584187302123138	0.85054570683931	0.41754289435284997	0.00581202938964455	0.42823529411764927	0.4947190257351793
166	167	0.3999999999999999	0.0	0.28460888487535024	0.15696119320950475	0.2932361984381499	0.8033596711413638	0.3828789211374968	0.6390129683357011	0.26964572826505673	0.4713785415677293	0.46004317221776536	0.09272428266630367	0.42352941176470926	0.30334228281808095
167	168	0.75	0.0	0.1631799973643399	0.7872968108794779	0.8207377302310482	0.31854189125344234	0.653917436403312	0.8876918770749276	0.1583400497306253	0.7398697135549431	0.733345746629384	0.6783960989312888	0.7388235294117682	0.7333237526265548
168	169	0.024999999999999994	0.0	0.030794564641330197	0.004204362424097141	0.03261618282934302	0.28252575433785465	0.241456740821417	0.06529489916182157	0.0455947285075247	0.4195735731380087	0.020064800708817276	0.0020892774611573467	0.1435294117647068	0.5345464512957131
169	170	0.13333333333333333	0.0	0.09060389227089001	0.003676089979608003	0.017503719569197374	0.3073469538258478	0.23676577229876727	0.28589028130864963	0.1060700503574882	0.4688979971541535	0.1829816382947242	0.0008648523013017386	0.2023529411764735	0.209391571868306
170	171	0.125	0.0	0.09886799150604048	0.005358249458952351	0.017653699287922455	0.4423613977555567	0.241456740821417	0.2746446312281025	0.16282938864448168	0.7638847557148251	0.13243273925588606	0.0008733631995411418	0.20000000000000284	0.09712255082174026
171	172	0.725	0.0	0.27503697070075206	0.07377497959230025	0.09961940428657291	0.46408984853521024	0.5520427944670367	0.869517597056432	0.2526260604501677	0.5807276427113303	0.8403536781747154	0.012811138598420197	0.6823529411764757	0.2268993310273979
172	173	0.6333333333333333	0.0	0.14772025932152735	0.06608709260387002	0.096795216324028	0.4225648052216965	0.48155307830544647	0.8154723190251962	0.1380001667194694	0.7311334578966081	0.7133619621910354	0.012184838080918955	0.600000000000005	0.41383823111640367
173	174	0.575	0.0	0.1746173224785607	0.051780013218225375	0.08024925886242881	0.4071954446036211	0.4762333762333766	0.7767838270619063	0.17248038155616335	0.7297460378829438	0.656357451590499	0.008818811824292663	0.5647058823529458	0.3259809346424257
174	175	0.43333333333333335	0.0	0.0858389155875276	0.03323014081188457	0.060363783637250285	0.3450646767984666	0.24615964565073956	0.664761111278098	0.08523763498489631	0.8646432978146662	0.489085936499136	0.005474306281952973	0.3764705882353021	0.25446925718021174
175	176	0.625	0.0	0.4227419208907154	0.05150439394851835	0.07737601638006417	0.31703227621690777	0.4603601871434977	0.8109067712486204	0.4034855575081332	0.5530373094984521	0.7401060230782874	0.008288338890041595	0.5858823529411818	0.23792100791929421
176	177	0.6749999999999999	0.0	0.1787153189650623	0.07271040143210374	0.10223186993447372	0.5168757472732262	0.5520427944670367	0.8408429116622418	0.16409458978609434	0.6826653376187927	0.7657327621512611	0.01340601692906649	0.6541176470588281	0.23387283036629383
177	178	0.125	0.0	0.1591304454413359	0.011266545187221186	0.05784412746492264	0.791352359717314	0.4550975706889693	0.2737313025617986	0.19006669385743766	0.22592971408994167	0.16193814586067018	0.00511690912425331	0.30117647058823227	0.4269707823557063
178	179	0.31666666666666665	0.0	0.13907934908174396	0.15003955033164862	0.28690745676110774	0.9999999999999999	0.5742426241041207	0.5549291334404536	0.14819417716577307	0.5171401953619662	0.3150833792462062	0.08895973041062226	0.46117647058823286	0.8320241639858605
179	180	0.5583333333333333	0.0	0.5020533491875049	0.3015838230914052	0.40560253532487145	0.4613528617726179	0.8231092436974792	0.7782402950838614	0.4379928740843967	0.4532966427882664	0.5637802600821034	0.1723169658136322	0.6964705882352908	0.7421088675968275
180	181	0.5333333333333333	0.0	0.15268169953368038	0.5180132716269978	0.6123690506790809	0.7244038345022199	0.5465310073288063	0.7525078932234122	0.16106726526148826	0.810914446348488	0.5130130973474486	0.3827099835934941	0.5717647058823552	0.5720614621241925
181	182	0.7833333333333333	0.0	0.6283023498015421	0.7238401112832616	0.7558330339062743	0.5531810344811835	0.9931880329433853	0.9097523075716569	0.6073992669677781	0.5563164672850506	0.7774559605594638	0.5772584911719959	0.8847058823529381	0.8045837923540085
182	183	0.6333333333333333	0.0	0.5543251847611539	0.40907983691451877	0.4980204687817535	0.4633114645417633	0.8804910936058472	0.8284539478350521	0.46692572839026886	0.4437231218609633	0.6398191993649928	0.25611525212771	0.7599999999999967	0.7604779044452303
183	184	0.6833333333333333	0.0	0.6851098374644364	0.48086557635790694	0.5537470164998088	0.43197867018836283	0.9261968508956469	0.8589734263164825	0.5973049779365658	0.45297701066067153	0.6903154426156668	0.3146290656855432	0.8047058823529385	0.7977138502306407
184	185	0.7333333333333333	0.0	0.6748461760927046	0.6471038257866799	0.6943544948965511	0.39487644289442936	0.9527497194163872	0.8846722740708428	0.646698865631862	0.5345062680900042	0.7309762058245683	0.4890012947738009	0.8423529411764674	0.8721173620096082
185	186	0.6583333333333333	0.0	0.5180856523178354	0.48666841013463497	0.5648855065261901	0.2926348338642417	0.8804910936058472	0.8430099604254129	0.45233896542166296	0.4962157062202862	0.6598971292074409	0.3270533706876145	0.7741176470588202	0.9177237457041776
186	187	0.6416666666666666	0.0	0.3921241778438477	0.11007999833010072	0.1600144119691202	0.3961352891602664	0.7127848273980075	0.8271508768265403	0.33587394960352973	0.5633249096734484	0.7045780659080542	0.02993600016572832	0.7011764705882353	0.6224218675337926
187	188	0.5416666666666666	0.0	0.5085622352793719	0.4398064875413202	0.5509833494156159	0.2477600873235116	0.5137761031349024	0.7588131880862417	0.5241292784230381	0.6606843310958038	0.5483554035374815	0.3116284645257709	0.5623529411764738	0.2799186895108634
188	189	0.8916666666666666	0.0	0.22232925647938867	0.9276885423961837	0.9361950643366402	0.2727197698921582	0.8043180180808291	0.9554615957468606	0.20638343398553588	0.6580373983574163	0.8776080246640645	0.8784040789311708	0.8776470588235323	0.71162921016733
189	190	0.4916666666666666	0.0	0.027503601150724543	0.49915529297685857	0.6014446239160134	0.35825808903929507	0.37277917014759154	0.7189941258367798	0.027301660332525207	0.9219916212744524	0.459380049911741	0.3695296761996958	0.4705882352941231	0.5604273562938747
190	191	0.3583333333333333	0.0	0.31451820824580595	0.09445787196560444	0.19354479765960256	0.46443445408192735	0.6772637085137085	0.6030170169563347	0.3070962845293639	0.40822394662412054	0.3691676682444821	0.04251662338467501	0.527058823529408	0.8267450801413857
191	192	0.5499999999999999	0.0	0.219290048335897	0.47529200335097727	0.5708067521978157	0.3766394694949215	0.6714023040264174	0.7675299603913033	0.19583096027736732	0.7173957226958566	0.5284403652685827	0.33376891289750843	0.6329411764705872	0.6797248690647589
192	193	0.30000000000000004	0.0	0.5105620501743585	0.05579776466130856	0.14386594718066298	0.6350406277623885	0.7247612966003767	0.5359501027687372	0.5106056088826922	0.18422262051531746	0.3464940494484946	0.024694718454198766	0.5129411764705818	0.890182010538798
193	194	0.35	0.0	0.5197876831238775	0.04152931849187922	0.09868539896341667	0.5950143684316596	0.7008767951625097	0.5924126267757868	0.5142145300401335	0.22412331304926836	0.39458299087135285	0.012619378802474443	0.5317647058823485	0.7398186754619684
194	195	0.7416666666666666	0.0	0.7769925847727249	0.5843628362960968	0.6375989863225868	0.29401505633413216	0.867606940415262	0.8909550322279642	0.6590827218301769	0.45164676782604973	0.7460831105641312	0.41400586678521156	0.8164705882352932	0.8381933310480412
195	196	0.6833333333333333	0.0	0.11634881182618478	0.6904674191587037	0.7411438952389082	0.5617315384623842	0.585435038212816	0.8519506975944144	0.11115821067087162	0.7623649285662485	0.6625708904639382	0.5555232076923013	0.6729411764705922	0.6748315902875051
196	197	0.75	0.0	0.14599681527005545	0.7536539343787717	0.7887048362590736	0.42771534691579777	0.6365801204057182	0.8892810032246632	0.13519509200135138	0.7123166602855985	0.7335909374960083	0.6274623532651925	0.7317647058823566	0.7933387923282124
197	198	0.575	0.0	0.21804641047134304	0.5501248558776781	0.6316034404209746	0.318076389505591	0.6481220289400826	0.7846932121571957	0.23784822048420262	0.7372627936593682	0.5503873456289096	0.4064760434124006	0.6376470588235299	0.6982824047942051
198	199	0.5083333333333333	0.0	0.2289017149777355	0.44781789176550146	0.5563489784686076	0.2952481277822612	0.5742426241041207	0.7351707528070199	0.22429036584167328	0.6495139682433902	0.4933326829065119	0.3175442835675823	0.5694117647058841	0.5986247956965633
199	200	0.7999999999999999	0.0	0.1913497653750369	0.8528254118808967	0.8725451779333363	0.4737125334985973	0.7008767951625097	0.913433712046746	0.17898126945766188	0.7317915290808189	0.7781306501763345	0.7649504253208439	0.7858823529411798	0.6204208783467501
200	201	0.9833333333333334	0.0	0.6638947039713861	0.9739218261712835	0.9712964196712415	0.49838055231831907	0.9999999999999996	0.9955652202731882	0.6260975937915514	0.5320616072039238	0.9801644139899801	0.9443126272742074	1.0	0.858340992003362
201	202	0.9083333333333332	0.0	0.28784422292254214	0.9351234090720746	0.9425382079301415	0.541800055061407	0.8105633912085524	0.9627780038924723	0.25955670798777	0.6314689585765519	0.8996405641165894	0.8901409315707107	0.8894117647058852	0.7133745939903389
202	203	0.9583333333333333	0.0	0.4186617583190106	0.9619552694220034	0.9652396081491712	0.5410666379214255	0.8934522820920425	0.983782414930374	0.3821025584995008	0.569216994672194	0.9577376459128466	0.9327784831922642	0.9482352941176488	0.7188628154324455
203	204	0.44166666666666665	0.0	0.1599490357076269	0.37851433480358815	0.5054835022824584	0.6817523301252628	0.4550975706889693	0.6777284003706041	0.1763654383469186	0.7219107555596841	0.4249905799751198	0.26363982776215145	0.4800000000000031	0.5958335539696844
204	205	0.5499999999999999	0.0	0.18618474674148455	0.04984338393130102	0.07934925518895987	0.5390482183776936	0.4550975706889693	0.760485397176093	0.18807385892961775	0.6868846108299497	0.6274494424681691	0.008651668873576738	0.54117647058824	0.5552235760087518
205	206	0.5166666666666666	0.0	0.43511151129832654	0.0343881725784389	0.06317043923329853	0.4107003584674454	0.5631120465374617	0.7379473826340095	0.4092315422842321	0.3975719776633547	0.6308920676094102	0.005903191512317455	0.5694117647058841	0.3998501922819972
206	207	0.6166666666666666	0.0	0.330153057581249	0.06557701079588105	0.09844972763915281	0.38042246305908706	0.6251029631113787	0.8061924152258355	0.3464161132093811	0.6722429468221341	0.7008163443077204	0.012552052689234598	0.6517647058823544	0.4755651102077631
207	208	0.33333333333333337	0.0	0.19005789711930415	0.03272044661837381	0.07695137265911706	0.6720851748673531	0.5742426241041207	0.5712724365662813	0.20981035955354319	0.5418594683910077	0.3654064793137156	0.00821937412308581	0.47058823529411553	0.7719865477621153
208	209	0.3833333333333333	0.0	0.38205905502940674	0.020822718389592914	0.05447130121417776	0.4864153614685216	0.6080074487895719	0.6213673267847781	0.3728493022415991	0.3050225492931604	0.4919237338623378	0.004636839989838748	0.5129411764705862	0.5268186723044428
209	210	0.15833333333333335	0.0	0.17471145729236087	0.027232131688459164	0.0980743290783983	0.821092276618336	0.568669637825931	0.33567102203195315	0.18785980368410243	0.2941837696714772	0.1699627533779008	0.012490714352916505	0.3694117647058772	0.8179443887007822
210	211	0.3833333333333333	0.0	0.4874254213828323	0.047453366510698154	0.10453046378666457	0.5505093546010411	0.6136900136900141	0.6263070784141287	0.5063900017646575	0.2549974125776995	0.42495889856346136	0.013955736127335215	0.5152941176470573	0.7386577675453788
211	212	0.125	0.0	0.09131950555194171	0.00342531919840839	0.0168131416344007	0.5651613922835246	0.40836302058081664	0.27338851505233114	0.11269021140770083	0.4488660376461998	0.1596396269319278	0.0008193804048048946	0.27999999999999803	0.6076533796814729
212	213	0.24166666666666667	0.0	0.0823082374398768	0.007463435466637626	0.02319770934638925	0.3873054321199919	0.28903052712576605	0.4545085925394617	0.08371848264899281	0.5341483858889878	0.3126267274026727	0.0012728908159974736	0.2894117647058856	0.5117167105150735
213	214	0.375	0.0	0.6919035577468672	0.04545395914253311	0.10595251329924192	0.15086809077243651	0.7856911472071819	0.6175578084586648	0.7349421284982846	0.1800938745378443	0.44616585383368756	0.014295158429824048	0.5788235294117583	0.6789140467279542
214	215	0.6833333333333333	0.0	0.21785937322615187	0.09024123211126422	0.12701016755501798	0.4024107733986407	0.6193884961391967	0.8474232897977989	0.20454991109088022	0.6769272608601057	0.7608277016799785	0.019700927882868157	0.6870588235294148	0.41360239977538243
215	216	0.6166666666666666	0.0	0.30810749503361706	0.08706177353275353	0.13107795206822254	0.5399186270835485	0.6772637085137085	0.8084865543106008	0.31037447329744394	0.6660747481466646	0.6777288883160384	0.02085140211023849	0.672941176470589	0.6210982539705879
216	217	0.6666666666666666	0.0	0.9840046850365725	0.2772076964887779	0.3625460514790783	0.7252492924518508	0.9064911988450226	0.8508194824002817	0.9238498594780107	0.2746580199579176	0.7074242079339749	0.13890514500941883	0.7882352941176438	0.8556768833139778
217	218	0.5333333333333333	0.0	0.3991463695394382	0.09347048436374926	0.153810295334909	0.4492293513241971	0.7008767951625097	0.754819356043342	0.3682914940379609	0.5520986374565314	0.5765273801457843	0.027858663759715897	0.6352941176470575	0.6346284612437023
218	219	0.6083333333333333	0.0	0.22574942404359666	0.05544943430972611	0.0831101144946946	0.46937700458676984	0.41865167431079575	0.8001318939348039	0.21148429447896358	0.6504629894835573	0.7013485686467966	0.009363006564581977	0.5576470588235365	0.23892430936596928
219	220	0.33333333333333337	0.0	0.26596380648516804	0.028475429832457773	0.06596399372299688	0.33008586036583976	0.5083690151810045	0.570621100674072	0.29033639709591463	0.5844851264634877	0.3623321074069219	0.0063437074453072655	0.44235294117647017	0.47951078317889856
220	221	0.5166666666666666	0.0	0.4547071395769061	0.11096300486475562	0.1848271557588751	0.36840627788334185	0.7127848273980075	0.7439444695122002	0.4118293012137958	0.49699035463050245	0.5510580781625712	0.03902819472122868	0.6305882352941157	0.6771583638490086
221	222	0.42499999999999993	0.0	0.6690355185465746	0.05601807345022017	0.10985739120520893	0.5210273772318597	0.6714023040264174	0.6641593759750379	0.686179296183186	0.47360619111108637	0.46905128655923	0.01522948325599489	0.5623529411764676	0.6078427718092749
222	223	0.6	0.0	0.5505713597505724	0.49541973392679334	0.5818229871270162	0.3767205015693467	0.7368067944436825	0.8039323688803739	0.5323905563741612	0.5632447164659392	0.5962432173733244	0.3464082484601674	0.6870588235294113	0.7579134955526163
223	224	0.5249999999999999	0.0	0.4997060397446752	0.14016491256202937	0.22825143369466447	0.5259339064614974	0.7068222933745107	0.7521125413327192	0.46352852244293685	0.38491155664264654	0.5598478756418351	0.05779344265234066	0.6329411764705868	0.7652191013804863
224	225	0.6749999999999999	0.0	0.668094688734118	0.5198299053635486	0.5892313006947535	0.26021740043967034	0.8168271061075765	0.8534130266777875	0.5608105778038288	0.4720182445766977	0.6774568159182404	0.3550270722101792	0.7599999999999989	0.7796467522573871
225	226	0.8583333333333333	0.0	0.41018867624503386	0.8543491843136658	0.8705860068942339	0.43826989837704006	0.8105633912085524	0.9422215587810427	0.3992200308622127	0.5837793794936045	0.855024855704245	0.7615773674624042	0.8611764705882372	0.767713421644131
226	227	0.45833333333333326	0.0	0.18732605773779845	0.35459730284820756	0.4789416260112484	0.4155943247170876	0.5300862506341959	0.6950691871950527	0.1862070249233263	0.5850126282134153	0.4468040364364575	0.23748953257393718	0.522352941176472	0.7162935627194663
227	228	0.3999999999999999	0.0	0.4450880499987503	0.1123899681582841	0.21289109026923647	0.44877762116274866	0.7068222933745107	0.6450693130700271	0.4240815109825689	0.3891761223078092	0.4184840320445543	0.05074994609146766	0.5623529411764667	0.656202306789333
228	229	0.7333333333333333	0.0	0.41210600868458835	0.681831744019954	0.7269802623326941	0.41900996169584603	0.8231092436974792	0.8828044726884103	0.4054580011545085	0.5895135238376982	0.7248404871877236	0.5349338643785787	0.795294117647058	0.7848399221276352
229	230	0.45833333333333326	0.0	0.1364659492391883	0.39703849010732534	0.5195574182122071	0.47584840473558576	0.4341878165407582	0.692527988325627	0.13965768758646452	0.7653391014261527	0.44012916398171986	0.2780541637253251	0.4800000000000031	0.5101108402080662
230	231	0.6	0.0	0.4766555607556453	0.10462066600680785	0.16032369821607662	0.4141517772737766	0.7672264842076166	0.8012863393126088	0.43163117192777134	0.5298672517864761	0.6574796694788934	0.030045169299495262	0.6988235294117637	0.6249935799685219
231	232	0.8416666666666667	0.0	0.20821943668387477	0.886255779291683	0.8985596099659175	0.5466368181089324	0.7672264842076166	0.9337876647049055	0.19357725297269454	0.6942061567664205	0.8206145777951728	0.8103676993080476	0.8352941176470616	0.6809519882251919
232	233	0.04999999999999999	0.0	0.0315335476058016	0.0014542591492922655	0.005625631088393566	0.3373889591865615	0.037329217401246506	0.12274384814951006	0.035808352090271854	0.5315106244107622	0.05207313897737986	0.00021286699008943538	0.04941176470588493	0.16740082325550282
233	234	0.6	0.0	0.30751226834428014	0.5411350244261116	0.623467264632205	0.43403453493014926	0.585435038212816	0.8019273189115512	0.3013750239729152	0.6230011451662684	0.5929952619660641	0.396331818979035	0.6258823529411788	0.6216268950702182
234	235	0.8833333333333333	0.0	0.2906551309750622	0.9085286926858732	0.9184982996592012	0.43343513044184523	0.7368067944436825	0.9522681643672373	0.266199213409808	0.6357676408731597	0.8747041295224283	0.8460715352902607	0.8470588235294159	0.7502304562829651
235	236	0.20833333333333334	0.0	0.23747831785010662	0.07509064920954256	0.19198406812801472	0.34293735068417197	0.5191979645531557	0.4152518334528807	0.23750394444767292	0.28190251984580805	0.20297958302799146	0.041895982101726854	0.376470588235291	0.7600409610223211
236	237	0.125	0.0	0.07768571077517288	0.049045707773292514	0.1554791483201628	0.6211586373169806	0.32798040470342205	0.277421047601004	0.09570150529870705	0.4924840139941634	0.10849473579889035	0.02844010026432653	0.24235294117647044	0.613684104609877
237	238	0.19999999999999998	0.0	0.3786644957042812	0.04652246517252333	0.14525363324461202	0.6290051414796717	0.5083690151810045	0.39979250077123657	0.4023330109629388	0.23482290035339548	0.22610761390716738	0.025133020472435912	0.3670588235294088	0.4380986849465115
238	239	0.125	0.0	0.27000219925107755	0.006495493344166363	0.033010718162298225	0.6989413650414011	0.3427963584621545	0.27516808124351494	0.2954451161492156	0.11446155231181265	0.15389770940956854	0.002126136926409946	0.24941176470588244	0.32809417690952236
239	240	0.3999999999999999	0.0	0.5936563159962926	0.14785688381568599	0.27777670351288536	0.3820488028300505	0.6308334819570773	0.6422664455600788	0.6023576480158815	0.33506820076963373	0.4512362931539544	0.08367876001608525	0.5317647058823507	0.5383785848637457
240	241	0.44999999999999996	0.0	0.3557413818642344	0.029579724567348233	0.05725062830553841	0.5493283663746213	0.4603601871434977	0.6835898678923378	0.3416875621494837	0.45736326706448904	0.5360379390880947	0.005021892282871575	0.4870588235294151	0.40096139874560155
241	242	0.6583333333333333	0.0	0.4115866021989314	0.05401778848052209	0.07870949827625898	0.43036910311908816	0.5137761031349024	0.8318118470229541	0.40523243992789765	0.514613605962921	0.7824763447839924	0.008532260267349507	0.6282352941176517	0.19902461263451474
242	243	0.35	0.0	0.5743789571252956	0.0392791363211495	0.10792341542522793	0.17179215037009327	0.6023407348372483	0.588842585059786	0.5553315900750483	0.2650096585552383	0.44202758286315214	0.01477326373146658	0.49176470588235066	0.4099608383785668
243	244	0.30833333333333335	0.0	0.4164678310616033	0.06153059210580144	0.16045647293563947	0.4624979003272958	0.5191979645531557	0.5443982049049876	0.4010623580647241	0.32292697077380506	0.36192801228355187	0.03012249034108386	0.4329411764705875	0.3331967109186533
244	245	0.19166666666666668	0.0	0.15995032154672795	0.006897442527845962	0.021854336344854165	0.005287122693080515	0.3084046900347026	0.38549021719793325	0.18237778137472263	0.3732149728958779	0.23854340763932713	0.0011705132990922841	0.2705882352941198	0.17616681875726187
245	246	0.6416666666666666	0.0	0.22331850832972636	0.6208152691097427	0.6913597890440237	0.4609091076787686	0.591054595227058	0.8261707084006813	0.2142215239032414	0.703631471388379	0.6282152971365109	0.48491716030551024	0.6517647058823561	0.6174866076684504
246	247	0.8083333333333332	0.0	0.2303954312073446	0.8510763906184377	0.8721688608602184	0.4626027341711006	0.7733634797588294	0.9173138407162651	0.2219616652075595	0.7137810415060396	0.7937492515932445	0.7643068323863694	0.8188235294117665	0.6822954489326543
247	248	0.375	0.0	0.5165613942203053	0.027105014768870013	0.07204394083782102	0.2212393922054992	0.5410343624629332	0.6137458756104088	0.4864171582411055	0.26749411339704066	0.4820896748169563	0.007358914692374498	0.47999999999999954	0.24334821151123856
248	249	0.5249999999999999	0.0	0.3964068157206343	0.33396264293210576	0.460733503073631	0.34043962244675685	0.4975989187945715	0.7471841379143114	0.36498302847712627	0.5631168454433376	0.5608419666410879	0.22035291775963503	0.5458823529411791	0.5634341754730732
249	250	0.85	0.0	0.35858056975146546	0.854227682783211	0.8743823896110726	0.4916368286842172	0.742855615871489	0.9371034095985389	0.3439033660103706	0.6493401569575644	0.8474148511584507	0.768121901809842	0.8305882352941212	0.6334363248817361
250	251	0.44166666666666665	0.0	0.665264440357853	0.17088280591771232	0.30119730359030744	0.47416622413211984	0.5465310073288063	0.6804412121415957	0.6265615829578322	0.45225920450818513	0.492908563079262	0.0975587510506986	0.5200000000000009	0.319865535985072
251	252	0.5249999999999999	0.0	0.21428405661528385	0.0521798645523271	0.08758580397136097	0.45766605061357674	0.5246346600655771	0.743394458967418	0.22731796284826594	0.6236393963567798	0.5937602579459355	0.01024936076146104	0.5576470588235325	0.4473903372335334
252	253	0.6083333333333333	0.0	0.25252810120672037	0.05592564643196087	0.08532855281023773	0.2455453213795325	0.4762333762333766	0.8013889014872124	0.23767838001192043	0.5878725083503039	0.7036094830807883	0.009796997253376055	0.5835294117647107	0.2904386018476747
253	254	0.3583333333333333	0.0	0.0	0.0318770633145524	0.06455590604266406	0.3459990243939918	0.2320866946975948	0.5940164288443197	0.0	0.9999999999999999	0.38035456931278444	0.006117598391235648	0.32705882352941895	0.3907482841808554
254	255	0.2583333333333333	0.0	0.29238112293201324	0.08829452625508528	0.21155588093482958	0.039659731150162414	0.3930321099633276	0.48210799813208577	0.284049212872351	0.49144619009003676	0.27894882473186877	0.05017715607932907	0.34823529411764786	0.22093111758353495
255	256	0.14166666666666664	0.0	0.1847330856424625	0.007208683451929185	0.037015035133148466	0.6692379326437262	0.3828789211374968	0.30213771718757293	0.2030495064802629	0.22171904206017412	0.19285919954023045	0.002528184355324839	0.27764705882352825	0.3338143492989511
256	257	0.7083333333333333	0.0	0.20791331701615323	0.7352703646362756	0.7799261363206089	0.647914635747921	0.6772637085137085	0.8650263382447112	0.22386404210735034	0.7523805756454968	0.6879485756323842	0.613866865361925	0.7247058823529429	0.5978930941879839
257	258	0.4916666666666666	0.0	0.15549480353835216	0.37353918604320174	0.500043966363692	0.5509670495310268	0.40836302058081664	0.7194547058375036	0.14478630447935012	0.7512817940049493	0.492999926779351	0.2581739702792808	0.487058823529416	0.3927343062592563
258	259	0.7999999999999999	0.0	0.17604027075940248	0.8312039462087236	0.8537530529711601	0.39000156842248207	0.7068222933745107	0.9137055225115356	0.16277568736902845	0.7081599715865429	0.7819573316688171	0.7329499485660316	0.7882352941176505	0.6403183274774564
259	260	0.5499999999999999	0.0	0.060324801176063744	0.5408812112795998	0.6336611793655743	0.34480258597312763	0.44461466445380626	0.7629727561710307	0.05919454045027175	0.8606111457399083	0.5277849990139662	0.40907687902259615	0.5364705882352987	0.39450084230684934
260	261	0.5083333333333333	0.0	0.2937629596241571	0.42322969974987557	0.5371305092742402	0.4987095350359905	0.6655575040844162	0.7346313433222096	0.3439583820008353	0.6183151082041501	0.49146597919224655	0.29658668055460025	0.6070588235294108	0.6504744706500525
261	262	0.3833333333333333	0.0	0.31336055577672184	0.04116871680001605	0.08436981900357914	0.4562932940302597	0.5742426241041207	0.6226544417051669	0.3599844635886804	0.6207367454529585	0.41869576125396113	0.009615068428222932	0.4988235294117631	0.4261118445461488
262	263	0.6166666666666666	0.0	0.5575139773585026	0.49115876300944145	0.5886466358578196	0.2973367970853259	0.642342946568299	0.8112319466858855	0.5642810822705902	0.6033647282793902	0.6355714526591335	0.35437926320313073	0.6588235294117659	0.5052175927401423
263	264	0.0	0.0	0.015213933380404197	0.0005529891122798883	0.010056197337343777	0.48823440876005614	0.0	0.0	0.02436395726757186	0.21400001115716538	0.0	0.00042485368017877506	0.0	0.3527602012363249
264	265	0.8999999999999999	0.0	0.2752855312664124	0.900666848536019	0.9147861914110585	0.47043655305982074	0.7611072770493066	0.9583078422560631	0.24756564896348254	0.6271581027031466	0.9009016316084872	0.8393767625102367	0.8658823529411803	0.6314980313793563
265	266	0.6499999999999999	0.0	0.368348502511099	0.5437679387575759	0.6307948605349556	0.5601010012830303	0.6251029631113787	0.8314110752725581	0.34862684050492876	0.6572630357531367	0.6629529926819494	0.40547731709195006	0.6705882352941201	0.45807487088040527
266	267	0.41666666666666663	0.0	0.6874052747305895	0.178576890393901	0.3124824090003948	0.22106182504070956	0.4498490820638472	0.6565980769974675	0.6311466935500438	0.4610831097251432	0.46645529792482676	0.10462759635308735	0.4635294117647084	0.25059883522905313
267	268	0.41666666666666663	0.0	0.6657959631235708	0.06532259267182214	0.15335132495355483	0.5832769473499364	0.585435038212816	0.6559755907940952	0.5923050063706652	0.2531909493074189	0.5218095317892384	0.027732525807049536	0.5223529411764702	0.2604632413234905
268	269	0.275	0.0	0.26288762120587145	0.05594080359490534	0.15596306226444676	0.4549962173355685	0.3477608327281527	0.5023868679347225	0.2553092965493096	0.38982104345330426	0.3240832768846993	0.028602208451677328	0.33647058823529674	0.30865228127668026
269	270	0.475	0.0	0.4936459355374132	0.025210916107761387	0.049265585628865	0.4491654316938349	0.4603601871434977	0.7036825756512306	0.5015508629168571	0.3092612094351591	0.597416696463014	0.003941881343835378	0.5011764705882387	0.3504582021555406
270	271	0.8083333333333332	0.0	0.25303299247091077	0.8362699778668132	0.8597658031658743	0.08857215482989761	0.7127848273980075	0.9173539624034066	0.24122097138583587	0.682517721012173	0.7956723949205662	0.7431202089122909	0.795294117647062	0.5694627003350092
271	272	0.7833333333333333	0.0	0.37091430622613303	0.7995036969731559	0.8293155112952499	0.36648372278938834	0.7368067944436825	0.9052974476416618	0.36005607797934075	0.6775496473440724	0.784172293283111	0.6923698395667858	0.7905882352941198	0.6069670302272652
272	273	0.21666666666666665	0.0	0.14569013055079044	0.00789312119265826	0.02218071421122997	0.22526156122393962	0.14093433005670297	0.4204526610064951	0.14585049666003075	0.5577991375511137	0.26840213350886954	0.0011945273371525645	0.20000000000000728	0.0
273	274	0.5333333333333333	0.0	0.3207556980168415	0.44827632743324713	0.5542797651583939	0.820511596200735	0.653917436403312	0.754365176264649	0.3391584682741036	0.6143454775697866	0.5224967483267797	0.31524976397678	0.6164705882352939	0.7561744911465452
274	275	0.8583333333333333	0.0	0.19497882333238847	0.9046078359037186	0.9162160202062298	0.29832188113930025	0.7550057810549853	0.9407582330622266	0.17671219700696045	0.6907739026719425	0.840669218368433	0.8419479825296036	0.8400000000000039	0.7021058432991398
275	276	0.14166666666666664	0.0	0.1941661153165698	0.06402836713886181	0.17654195852466445	0.2934076325165854	0.42381657848324483	0.30856441955939723	0.20299377094664894	0.4756100585085353	0.12652149653337097	0.03588961386384917	0.29647058823529227	0.5798598255723266
276	277	0.7583333333333333	0.0	0.369273451953489	0.6839872330059725	0.7382540256916532	0.42893882776446535	0.7247612966003767	0.8924705166442588	0.3366592907726374	0.6187027563777147	0.7785066832612189	0.5513070784874619	0.7717647058823549	0.5613791745006639
277	278	0.6583333333333333	0.0	0.15426582137936176	0.08117117509052867	0.11672713857331357	0.3979521963080542	0.6023407348372483	0.8319907910653948	0.15203256140823793	0.7225098730546952	0.7305986282022308	0.016944667534660795	0.6658823529411797	0.45166018897457566
278	279	0.7083333333333333	0.0	0.19718045429976952	0.0771613626224087	0.10549952408554271	0.40567777901726737	0.5465310073288063	0.860238872879278	0.17557437264784934	0.6611164115696714	0.8033759254439095	0.014167124172520595	0.6705882352941224	0.3085809585478968
279	280	0.5666666666666667	0.0	0.142133689297892	0.05096340152142419	0.07949578501413808	0.3033220190384763	0.4550975706889693	0.7711629669359641	0.142989022485486	0.7438087243782486	0.6411261590238383	0.008678116993318183	0.5505882352941223	0.3137371970225165
280	281	0.6416666666666666	0.0	0.12312245892681853	0.06963976954047953	0.10117473796311788	0.3881555544994669	0.4868871969142976	0.8207629040216233	0.11644726425725338	0.7367861041223868	0.7185931131776622	0.013164476123644459	0.607058823529417	0.3772784467182511
281	282	0.3416666666666667	0.0	0.06109506081257432	0.27229041039012886	0.41790183940344355	0.6537130023725773	0.2698548191505936	0.5791342524472769	0.06379690017930215	0.8975649599190102	0.3231176386281326	0.1825516637948498	0.33647058823529985	0.48989587536211565
282	283	0.3999999999999999	0.0	0.3083923229059817	0.04762989489747313	0.0979736955383404	0.5152747057617711	0.5083690151810045	0.6396532561399308	0.30404209592519216	0.5910402911233094	0.4374492232177747	0.012455433346321118	0.4800000000000013	0.3816719847965593
283	284	0.6916666666666667	0.0	0.17003468185323736	0.08128316261139117	0.11354129184355427	0.41009091864655123	0.5520427944670367	0.8512716727192327	0.15888182222081326	0.6952372390064395	0.7723395839183591	0.01613089865458762	0.6635294117647108	0.444078277404796
284	285	0.625	0.0	0.15624028529550174	0.06501159367252468	0.0947636632894027	0.5109729462581233	0.5029766403916067	0.8103995681927743	0.14836396858757542	0.7188509649036318	0.7097486801137641	0.011743025869339863	0.6047058823529459	0.3323026905493811
285	286	0.9166666666666665	0.0	0.25281524007383316	0.9386379130091341	0.9476025999088191	0.45446217040105275	0.7918819758235824	0.9654878937142546	0.22308140586983377	0.649153856946714	0.9090707740431936	0.8995726039753043	0.8870588235294155	0.6407111134010015
286	287	0.6416666666666666	0.0	0.11006304948963161	0.0725253080229242	0.10552735824311675	0.39604565158569766	0.5137761031349024	0.8207471966161191	0.10318398760390043	0.7603306983827688	0.7147548152922749	0.014175240163851913	0.6188235294117694	0.40088842466209124
287	288	0.125	0.0	0.12162311272000792	0.005678317531805963	0.020426088193434406	0.47175792582826814	0.2698548191505936	0.27562742000638446	0.15086325166528772	0.5215626648928057	0.1328586124886087	0.001065462539490645	0.21411764705882552	0.41429413347473043
288	289	0.24166666666666667	0.0	0.2644269443103382	0.00890668998230788	0.025972812696320267	0.24665378477896455	0.33290619488536155	0.45614564303506716	0.27812114557353024	0.3729008798722271	0.31195549255691823	0.0014944420405807878	0.3105882352941203	0.3199466715618645
289	290	0.6749999999999999	0.0	0.2226571640731982	0.0695930011913362	0.09849408538619682	0.35718431827126007	0.5520427944670367	0.8415071957600893	0.20608672515971174	0.6284611693255341	0.7725855279073823	0.012560294148871599	0.6541176470588281	0.26665567895951975
290	291	0.7083333333333333	0.0	0.2787248914215628	0.07610731753349273	0.1049506713841474	0.35968720064657955	0.5966898056034551	0.8616079124307272	0.2638100936739902	0.5812095656899486	0.814730498859936	0.01403881473439822	0.6917647058823566	0.3093319323715226
291	292	0.725	0.0	0.21128009892864721	0.08306905099002726	0.11243437365313594	0.4863999184788275	0.5798310694288502	0.8693082217457848	0.19441849008015227	0.6520307979742787	0.8201230823377956	0.015852376907413417	0.6941176470588291	0.33749134661679997
292	293	0.6333333333333333	0.0	0.09451001227011055	0.06566099223560208	0.09548030261375612	0.5028618745505694	0.4550975706889693	0.8150989203414019	0.08340621191755823	0.7630679396783465	0.7097554479335357	0.011897422196511303	0.588235294117653	0.32033947521976713
293	294	0.7083333333333333	0.0	0.21546950362519793	0.07861730217642843	0.10788952227020639	0.50710064499493	0.5742426241041207	0.860300917605423	0.19770109383863302	0.6566546079926311	0.8034196103872484	0.014737650683260248	0.6823529411764753	0.30590857583311665
294	295	0.5249999999999999	0.0	0.4252236334364392	0.3838053465540463	0.49782147134871507	0.48794192345055426	0.6831417884049462	0.7494797483601026	0.43196371466749595	0.4951970938626967	0.5277579740627115	0.2559399919616277	0.6235294117647054	0.5898310833231953
295	296	0.7	0.0	0.2437991494806411	0.7016238272190107	0.7491901250165034	0.2775872932767651	0.6714023040264174	0.8621273341219251	0.2488364309223095	0.6939004228573907	0.6838388333536122	0.5673869299340568	0.7176470588235313	0.6813175576644723
296	297	0.375	0.0	0.40821677771591436	0.08193026704354636	0.19184273428426998	0.6924669216063795	0.48155307830544647	0.615085077648835	0.4039169142424671	0.3134942391124069	0.4564531212622981	0.041841193237249004	0.45411764705882396	0.43963890581524456
297	298	0.5333333333333333	0.0	0.3482212236293696	0.4368202819929396	0.5438812290250264	0.4247443091372095	0.6831417884049462	0.755272293316253	0.3461360801962669	0.5828944425651946	0.524175824539662	0.30386332633404717	0.6282352941176463	0.7316974995588335
298	299	0.5583333333333333	0.0	0.4335620143199832	0.37243727059991066	0.49280700671982874	0.46016156096148514	0.653917436403312	0.7720746094872735	0.4068507136763835	0.5389260897709661	0.5923450173393109	0.25098464514796215	0.6305882352941174	0.6627403789026892
299	300	0.5	0.0	0.44678066861649496	0.14262049925436773	0.23833576474918453	0.5361251429264495	0.779518341381515	0.7334349096863373	0.40325105935159344	0.36414930165159876	0.5321926761275817	0.0626776591544906	0.6470588235294081	0.8319591974817437
300	301	0.24166666666666667	0.0	0.03060882251710181	0.15439903897383297	0.3024501160247059	0.32386601949859617	0.1723205214477037	0.4588576077475381	0.0319610920547488	0.9154769474151118	0.22230260301363114	0.0983351507934864	0.2305882352941242	0.21011198834230377
301	302	0.6333333333333333	0.0	0.4173079677741147	0.5353493233953379	0.623894822019149	0.4208767896690807	0.6481220289400826	0.8215058861824633	0.40818236127217544	0.6318909145133599	0.6464041991413499	0.39687605499065604	0.6705882352941193	0.6038418533238731
302	303	0.925	0.0	0.23257281018481987	0.952278410278609	0.9597758406156794	0.3818413661986484	0.8168271061075765	0.968865092774839	0.21133013645453416	0.6470711249499951	0.9150151745933204	0.9224317244934578	0.9011764705882386	0.633078988400565
303	304	0.21666666666666665	0.0	0.4696383978297082	0.02599761544100741	0.07846276655279978	0.6838319622693529	0.5520427944670367	0.42618130145666394	0.5065593987881349	0.27021873622787396	0.23435229957957138	0.008500262518006103	0.3952941176470559	0.4472291997405223
304	305	0.6	0.0	0.6211265310316888	0.47990440944295576	0.5761651364406564	0.5838059581076597	0.8547991377621007	0.8025868135790406	0.6628649716278384	0.48141609338080393	0.607530552124591	0.33989737718858437	0.7317647058823495	0.7791896608420399
305	306	1.0	0.0	0.4595795153442186	1.0	1.0	0.5339478790824443	0.9328050308442468	1.0	0.4226748999657654	0.5577872476763329	1.0	1.0	0.9858823529411791	0.8249811653907962
306	307	0.7833333333333333	0.0	0.16999658451547464	0.80472395017059	0.835581348629588	0.5152204562347967	0.6949482598555359	0.9043079335147499	0.16113111454891058	0.7170525936554392	0.7720650583693851	0.7026689953842389	0.7741176470588269	0.6506104040227609
307	308	0.5	0.0	0.3105264347916762	0.4468920689013937	0.5581024826603129	0.6559622991682453	0.4868871969142976	0.7268398160814642	0.3255993946491176	0.7364084271198043	0.4880615721802477	0.31949587033409804	0.5270588235294147	0.5629145735942256
308	309	0.8916666666666666	0.0	0.2553376555600609	0.9173702045598051	0.9286519572966428	0.484458103828457	0.7918819758235824	0.9550311079500735	0.23224876414995532	0.6509906986584707	0.8818315142717013	0.8645543585471449	0.8729411764705914	0.5754919901566047
309	310	0.6416666666666666	0.0	0.27002680403428664	0.5790500244551943	0.6592006853968622	0.37293136474452687	0.568669637825931	0.8257534321753459	0.2549653421863701	0.7190075329461797	0.646434825926888	0.44185396490201334	0.6423529411764743	0.39119856519030216
310	311	0.8666666666666666	0.0	0.22386134583633602	0.9099316695393047	0.9209257720365165	0.47522749298927874	0.7672264842076166	0.9445738876220702	0.20564720896444386	0.680738405160107	0.8508758761962374	0.8504732577655796	0.8494117647058856	0.791259689047265
311	312	0.8416666666666667	0.0	0.22855281813138315	0.8485452199709524	0.8712848570897093	0.44619139623195686	0.7368067944436825	0.9322758227867933	0.20782735916997275	0.6653892359063777	0.8376348113749821	0.7627911441050058	0.8235294117647092	0.5529440391481797
312	313	0.225	0.0	0.26025250305821374	0.013240597918272885	0.0495967821400599	0.5237260184852234	0.5300862506341959	0.43465425832887233	0.2803448925464192	0.3377761347415491	0.2877811446650954	0.003990130248945056	0.39058823529411457	0.537705888238551
313	314	0.8833333333333333	0.0	0.25687480841317883	0.9085364632527964	0.9206703947751218	0.5227373591762812	0.7672264842076166	0.9515174845631551	0.24075582887119512	0.6506490680977589	0.8759815359035483	0.8500133640510705	0.8588235294117683	0.6928449300916597
314	315	0.21666666666666665	0.0	0.48527989762625	0.08146751527031151	0.20160439333612565	0.7018793477726799	0.5631120465374617	0.42640285900306113	0.5242887183377846	0.2954450872211406	0.22231436559377726	0.04587341831309391	0.3999999999999959	0.5016832761805842
315	316	0.625	0.0	0.1425317593520354	0.6189201462898581	0.6898601793981364	0.37437272964597346	0.5191979645531557	0.8152839305347461	0.14143892580534417	0.750506299117348	0.6064506660439187	0.48286101550462945	0.6117647058823574	0.47797621730443945
316	317	0.8833333333333333	0.0	0.20993156302714133	0.9297651967353352	0.9372327761512229	0.40747819451181194	0.779518341381515	0.9521922445427149	0.18729593675097306	0.6779316846761912	0.8649195007144233	0.8803166124321454	0.8635294117647092	0.7986946263284942
317	318	0.2666666666666666	0.0	0.3373673665534702	0.04952527727018192	0.12710582212592766	0.3441118733263134	0.5300862506341959	0.4952946290623296	0.34005098086674346	0.3790210848597023	0.277694423217963	0.01975197197788473	0.41411764705882126	0.5577671182306905
318	319	0.3416666666666667	0.0	0.3955884049334523	0.16962307062191945	0.31252919827936304	0.4818518407688872	0.48155307830544647	0.5806796631445887	0.41341551796112225	0.46030820936905503	0.3627397233110866	0.10465856672019075	0.4352941176470595	0.522950487627202
319	320	0.30833333333333335	0.0	0.17980346105871928	0.1567472490196098	0.2963336203319507	0.7932767308533198	0.6193884961391967	0.5448191959044935	0.2025254277626371	0.5004017695264341	0.3073238247561225	0.09458675842515799	0.475294117647056	0.8544878837442792
320	321	0.8583333333333333	0.0	0.6361242748371894	0.8006812231239367	0.819500458311402	0.5395069252560107	0.9999999999999996	0.9449707764368556	0.61156261606215	0.5054907039972597	0.8655124005669379	0.6763716143281079	0.9294117647058804	0.9999999999999998
321	322	0.5916666666666667	0.0	0.5669632087922544	0.30927503077265706	0.40923662740541467	0.741051153608047	0.8105633912085524	0.8018602788107771	0.4917111130085678	0.3899485096816302	0.6122750335549407	0.17529831380604877	0.7105882352941149	0.880414880172312
322	323	0.7416666666666666	0.0	0.14865271815312106	0.7447775770251875	0.7820319768886045	0.6343777251108254	0.659729238229946	0.8848429404292846	0.13798267805654651	0.7187204941042776	0.7244412090496766	0.6171054444045718	0.7364705882352975	0.7142184092214892
323	324	0.2333333333333333	0.0	0.2921038456918868	0.05542135244196819	0.14917056491792716	0.8295375271341905	0.5742426241041207	0.4517257496852953	0.31693615782957446	0.2561904239682036	0.23855170740597842	0.02637033952335524	0.4141176470588195	0.7621500025852579
324	325	0.7	0.0	0.19539286645486525	0.687361616219522	0.7350959385350562	0.36917871133851876	0.7068222933745107	0.8630390598079036	0.18958807592381202	0.6943144046325799	0.6818135419188504	0.5466828381721318	0.7317647058823549	0.7932114568774296
325	326	0.7	0.0	0.21413661819388044	0.09080258414135323	0.1263963311494192	0.40356989011503736	0.6193884961391967	0.8571347099400191	0.19716309543205132	0.6628517897181921	0.7791352998769976	0.019529927676808185	0.6964705882352975	0.5451599238195087
326	327	0.5833333333333333	0.0	0.3218979065877375	0.06939595601322464	0.10745242023214407	0.35419292268731095	0.6080074487895719	0.7845957947870288	0.3428891159109631	0.7413653453468673	0.6479720885833598	0.014636634909960563	0.6258823529411779	0.5913368426466896
327	328	0.24166666666666667	0.0	0.541910464955743	0.08041125666843454	0.19605508033385155	0.48651437313628687	0.6481220289400826	0.46292957280790453	0.5923262537124704	0.22472749596493324	0.24716790670257593	0.043556637302390684	0.4494117647058773	0.6828409358301359
328	329	0.44999999999999996	0.0	0.4726390351023234	0.02616665225984363	0.053228116912292595	0.3905327897217783	0.5029766403916067	0.68388241931101	0.48038343774267317	0.28115532281301436	0.5550997044550148	0.004463000374011661	0.5058823529411778	0.6074126912174822
329	330	0.45833333333333326	0.0	0.3435614430275426	0.03296723651581226	0.06446220661526009	0.4866786163317297	0.4975989187945715	0.6913719319256022	0.3447951006487432	0.37868559374674826	0.542482279067276	0.006104471972452207	0.5082352941176489	0.580391188578352
330	331	0.8333333333333333	0.0	0.21312673981303112	0.8274704233268477	0.8466686280801736	0.45750016714324526	0.7550057810549853	0.9309315066083974	0.19596881416954928	0.649734911180324	0.8209657931529979	0.7210557863237232	0.8258823529411794	0.8246369702316865
331	332	0.44999999999999996	0.0	0.30376352011600216	0.2730266617721568	0.40168163041362953	0.4851311323571554	0.742855615871489	0.6893377095986786	0.2788740190169544	0.5592874701119105	0.44440880614736755	0.16914680828575987	0.6047058823529374	0.7092749094836444
332	333	0.7	0.0	0.23275279662612683	0.6916422995170652	0.7377627534165925	0.5135174552743587	0.7550057810549853	0.8630603080120121	0.22247192184756667	0.719567292919128	0.6788221649090943	0.5505684263570615	0.7505882352941176	0.721559313627191
333	334	0.8166666666666667	0.0	0.5337277898164808	0.809158830770018	0.8340655833303755	0.5011945393042416	0.8420670089798601	0.9232513040197177	0.5319052999831086	0.5838241606607696	0.8221971226958511	0.7001634508304769	0.8494117647058825	0.8295413666634623
334	335	0.6916666666666667	0.0	0.2168437637007087	0.6987155927222279	0.7501653151897542	0.6255095666008939	0.6365801204057182	0.8558355823794301	0.2084370935829595	0.71509973959521	0.679835289279808	0.5688401028302409	0.6988235294117682	0.5922868979949555
335	336	0.43333333333333335	0.0	0.20404758272376874	0.05039729097501688	0.09683141347036567	0.2603693917104352	0.5246346600655771	0.6694167687061789	0.21586083285582794	0.6775096395373429	0.47052997604349167	0.012201042745044945	0.5058823529411778	0.6038873392708951
336	337	0.7083333333333333	0.0	0.25929768555689153	0.7145047535635832	0.757371581287956	0.3325702750229341	0.8105633912085524	0.8676569677935373	0.25564242136015697	0.6927546551159575	0.6878768931564255	0.5795755159377388	0.7764705882352936	0.7769015213398125
337	338	0.875	0.0	0.2957380458432523	0.9022448410007079	0.9119228662698512	0.5379884814124372	0.7856911472071819	0.9490780834380734	0.2739781446527145	0.6450720360493686	0.8614091314753936	0.8342101370227539	0.8611764705882381	0.6530143928386963
338	339	0.375	0.0	0.17109274412963602	0.20428784919515408	0.3411031763964574	0.4683838483017706	0.6365801204057182	0.6178641007272951	0.16135533426550672	0.628595100262667	0.36544287029860745	0.1236471836047324	0.5199999999999969	0.6702949459566832
339	340	0.31666666666666665	0.0	0.286618429665161	0.014762325861804544	0.04063334766717121	0.3590645288792998	0.5029766403916067	0.550053082527602	0.2766523268295196	0.36726599240197044	0.403250170571667	0.0029144933991260796	0.43058823529411683	0.46893305391894125
340	341	0.4083333333333333	0.0	0.2730180462568541	0.03048159116200611	0.0640091743799608	0.4961790166167626	0.5029766403916067	0.6469905921984167	0.28373512054699174	0.37768066644988196	0.4837031849506135	0.006034660038457809	0.4823529411764711	0.5784878343853018
341	342	0.7999999999999999	0.0	0.3867250871684653	0.7772974292170467	0.8027262734969366	0.3688371944314015	0.9460813742205576	0.9167060669159413	0.36604946069402156	0.6008333146333719	0.7917773667775287	0.6495008209031206	0.8776470588235279	0.9233198112852089
342	343	0.5833333333333333	0.0	0.6766989898069079	0.42017955435480064	0.5326978491349496	0.33639582654720457	0.6023407348372483	0.7889516456356465	0.7117959840939073	0.5709029460360843	0.6140917330427513	0.2918618601871783	0.6235294117647072	0.3463248770466989
343	344	0.41666666666666663	0.0	0.23340486390976548	0.25547591741214304	0.39697068282593573	0.3024336036724061	0.4603601871434977	0.6555712520697614	0.2241892491421969	0.6679992506103899	0.4271165043848576	0.16536842968260068	0.4682352941176493	0.37619927393507263
344	345	0.7	0.0	0.16975927109220162	0.6658903667675483	0.7270009252680725	0.34144581106217226	0.5966898056034551	0.859677273443517	0.15841927590122173	0.7390244363530255	0.6998697901648274	0.5349895789263135	0.6870588235294157	0.42095647375097767
345	346	0.024999999999999994	0.0	0.1282921749390226	0.005266652909054335	0.038560323600494315	0.42666810590953325	0.2274194628625006	0.06473193925282295	0.15809800688127704	0.0	0.017472907539813953	0.002691648856681264	0.13647058823529523	0.298197823685015
346	347	0.5916666666666667	0.0	0.09245354390882717	0.057463143442615106	0.08631986665020817	0.5804006365335924	0.3778223923151467	0.7878797302775078	0.08308315648544168	0.770251649865835	0.6682630060359049	0.009991972578157225	0.5294117647058894	0.22395386954998775
347	348	0.6333333333333333	0.0	0.10274985388021801	0.07614551782943588	0.11112262899155473	0.4078748604217801	0.5246346600655771	0.816218825372937	0.09788834207266489	0.7674896371558181	0.7006099320928595	0.015528785872445876	0.618823529411769	0.42190469952432624
348	349	0.75	0.0	0.28288531478511625	0.7301687699164381	0.7693539655990626	0.5793774060935156	0.742855615871489	0.8900662081552293	0.277367182690543	0.6388418515673463	0.7439646497600856	0.5976643059389101	0.7741176470588256	0.78899951957984
349	350	0.21666666666666665	0.0	0.184875432721632	0.008665737179371674	0.023483338428173486	0.441408671974631	0.22276403186643368	0.4219522876337521	0.19980961526300892	0.4089636666908406	0.26363184765968617	0.0012938134384270295	0.24235294117647488	0.228569903717357
350	351	0.6416666666666666	0.0	0.4637565250780224	0.5099246679163518	0.602232757051013	0.5094501417205998	0.6655575040844162	0.8273081295419054	0.4211060274854745	0.610894600117894	0.6696153755961977	0.37047417239257946	0.6823529411764722	0.5282450102343845
351	352	0.8333333333333333	0.0	0.30085333375945594	0.8199081684759827	0.8466670680894711	0.48745841176080784	0.742855615871489	0.9291270557566453	0.2804636987921298	0.6252957821323527	0.8385513273848835	0.7210722389181856	0.8211764705882385	0.6604932669690433
352	353	0.925	0.0	0.31496912106924546	0.938776797263788	0.9469491439406723	0.5130266621742905	0.867606940415262	0.9693095928207092	0.29409925068260656	0.6140652928117082	0.9186544829447869	0.8983511358793457	0.9200000000000017	0.6171478194589195
353	354	0.875	0.0	0.18304768445855116	0.9113906778313821	0.924239759180954	0.4922719151801391	0.7368067944436825	0.9473860500938858	0.1658765099965474	0.6915940119304137	0.861439536047353	0.8565028887981214	0.8423529411764741	0.6338425681966133
354	355	0.625	0.0	0.18063088037469577	0.620048020535353	0.6910232426001405	0.5114022552508627	0.5410343624629332	0.8152513636165779	0.17473008876244317	0.7434717804031888	0.610424671620029	0.48445456014820887	0.6211764705882388	0.45214336232463154
355	356	0.825	0.0	0.20671938760580436	0.8325496202789988	0.8581348881527106	0.4049249065298574	0.6714023040264174	0.9245027729416724	0.17949136977130928	0.6868027419573252	0.818798186110111	0.7403611531769567	0.7882352941176514	0.5066767506035177
356	357	0.8916666666666666	0.0	0.21934105593498665	0.9196898590023559	0.9313849068641682	0.3996033263442821	0.7733634797588294	0.9545695340347928	0.20145826299801875	0.6658971787908555	0.8824960182046591	0.8695628208859376	0.8658823529411799	0.5690797161637022
357	358	0.24166666666666667	0.0	0.29064047362669737	0.0154658998086824	0.0550881296187211	0.6166225602379622	0.4135005065856139	0.45685900763152526	0.2936280272022909	0.3184253710827808	0.31331047160899295	0.004724599946475798	0.3482352941176474	0.35922842863334903
358	359	0.4666666666666667	0.0	0.4334948644707384	0.21202725792244148	0.34911016727923655	0.6977383241736772	0.4922357907432531	0.6998558839996307	0.4066748687319816	0.48656995021236205	0.523132209631101	0.1292643712223987	0.51058823529412	0.29286124557214666
